mindat_id,deposit_type_label,tonnage_regression_label,tonnage_class_label,max_age_class_label
641,0,4.32791039358105,4,0
2120,0,2.276461804173244,3,0
2355,0,3.255272505103306,4,0
2596,0,2.698970004336019,3,1
3326,0,1.682145076373832,2,0
3373,0,2.954242509439325,3,-1
3374,0,2.428134794028789,3,0
3376,0,2.973127853599699,3,0
3377,0,3.199480914862356,4,1
3978,0,3.481442628502305,4,0
4181,0,3.509202522331103,4,0
4464,0,3.021189299069938,4,0
5436,0,3.810904280668701,4,0
5792,0,2.929418925714293,3,1
5793,0,2.357934847000454,3,0
5798,0,1.808210972924222,2,0
6926,0,,-1,1
7314,0,1.770852011642144,2,-1
7377,0,,-1,2
7378,0,1.255272505103306,2,2
8064,0,1.0,2,0
8417,0,3.783903579272735,4,2
8428,0,2.041392685158225,3,0
8577,0,2.418301291319745,3,0
8582,0,1.939019776448667,2,0
8802,0,2.352182518111363,3,0
8831,0,3.152288344383056,4,0
8859,0,2.356025857193123,3,1
8886,0,4.225722698684167,4,0
9706,0,2.754348335711019,3,0
9905,0,2.845098040014257,3,0
10591,0,3.127104798364808,4,5
11307,0,2.526339277389844,3,2
11459,0,1.255272505103306,2,-1
11973,0,0.8450980400142568,1,0
12054,0,,-1,5
12057,0,2.576341350205793,3,1
12663,0,1.819543935541869,2,0
13770,0,,-1,-1
14115,0,2.041392685158225,3,0
15187,0,2.901458321396112,3,5
15213,0,2.292256071356476,3,0
15963,0,,-1,5
16033,0,2.387389826338729,3,1
16242,0,1.968482948553935,2,-1
16510,0,3.230448921378274,4,0
17175,0,2.931457870689005,3,0
17816,0,3.232996110392154,4,0
18255,0,2.107209969647868,3,-1
18270,0,1.8055008581584,2,0
18441,0,2.167317334748176,3,1
19949,0,2.257678574869185,3,0
21099,0,1.944482672150169,2,1
21538,0,2.652246341003323,3,0
21589,0,3.079181246047625,4,0
22183,0,2.45484486000851,3,1
22204,0,2.130333768495006,3,1
22945,0,3.354492600589436,4,1
23362,0,2.477121254719663,3,0
25120,0,2.549003262025788,3,1
25121,0,2.544068044350276,3,1
25368,0,3.3654879848909,4,0
25411,0,2.217483944213906,3,4
25444,0,1.167317334748176,2,-1
25581,0,3.571708831808688,4,0
25845,0,1.826074802700826,2,0
25904,0,2.718501688867274,3,0
25949,0,2.8750612633917,3,1
26155,0,3.374748346010104,4,1
26686,0,2.967547976218862,3,-1
27162,0,3.0,4,1
27221,0,3.012837224705172,4,0
27227,0,3.583912561806796,4,0
27261,0,3.602059991327963,4,0
28230,0,3.157758886046864,4,0
28448,0,3.245759355967277,4,0
28588,0,3.152288344383056,4,-1
30204,0,2.127104798364808,3,1
30976,0,,-1,0
32000,0,2.318063334962762,3,0
32440,0,2.397940008672037,3,0
33219,0,1.462397997898956,2,1
33241,0,1.643452676486187,2,5
34975,0,2.906335041805091,3,0
36818,0,2.732393759822969,3,1
37441,0,2.942751920429814,3,-1
39272,0,4.04758635707435,4,5
39273,0,3.491361693834273,4,0
39275,0,3.250273586232246,4,0
43582,0,3.214843848047698,4,0
43585,0,,-1,-1
43642,0,3.204119982655925,4,1
44124,0,1.790285164033242,2,1
46163,0,2.357934847000454,3,0
47606,0,2.732393759822969,3,2
50863,0,3.143014800254095,4,1
51058,0,2.855337404469541,3,1
52775,0,2.860936620700094,3,0
53487,0,1.686636269262293,2,0
54260,0,2.041392685158225,3,0
54489,0,,-1,0
55427,0,3.212187604403958,4,0
55597,0,3.402777069610347,4,-1
58352,0,2.983626287124534,3,0
59571,0,,-1,0
60113,0,1.754348335711019,2,0
60164,0,1.737987326333431,2,1
61612,0,3.161368002234975,4,0
62248,0,2.176091259055681,3,0
62514,0,2.298853076409707,3,-1
63180,0,,-1,1
63563,0,2.389166084364533,3,-1
64292,0,2.611723308007342,3,1
64347,0,2.657055852857104,3,-1
64759,0,1.649334858712142,2,0
68257,0,2.634477270160732,3,0
68700,0,1.977723605288848,2,-1
69552,0,2.90687353472207,3,0
86332,0,2.502427119984433,3,1
107252,0,3.717670503002262,4,0
108197,0,2.783188691075257,3,0
114858,0,2.301029995663981,3,1
122228,0,3.872622379025288,4,0
122804,0,2.920905604164024,3,1
122928,0,1.301029995663981,2,3
122945,0,1.698970004336019,2,0
122950,0,,-1,6
122951,0,,-1,6
123464,0,1.698970004336019,2,1
127444,0,3.492355230966371,4,2
131133,0,1.903089986991944,2,0
132210,0,1.602059991327962,2,-1
132814,0,,-1,5
133117,0,2.715167357848458,3,0
134565,0,,-1,0
134575,0,3.18098558078673,4,0
134576,0,,-1,0
134676,0,,-1,1
134936,0,,-1,0
135237,0,2.551449997972875,3,1
135329,0,1.872738827472669,2,0
136123,0,1.73559889969818,2,-1
142172,0,,-1,0
142173,0,,-1,0
142174,0,1.866287339084195,2,0
142175,0,,-1,0
142183,0,2.372912002970107,3,0
142185,0,2.004321373782643,3,0
142186,0,,-1,0
142187,0,,-1,0
142189,0,,-1,0
142195,0,1.920645001406788,2,0
142196,0,,-1,0
142198,0,,-1,0
142686,0,2.570542939881897,3,2
142687,0,2.447158031342219,3,2
142688,0,,-1,2
142689,0,,-1,2
142690,0,,-1,2
142691,0,,-1,2
142692,0,1.733999286538387,2,1
142695,0,1.806179973983887,2,2
142696,0,2.694605198933569,3,1
142697,0,,-1,1
142698,0,2.978180516937414,3,3
142699,0,2.021189299069938,3,1
142700,0,2.643452676486187,3,5
142703,0,2.080987046910887,3,0
143718,0,,-1,-1
143892,0,2.133538908370217,3,2
146855,0,3.230448921378274,4,1
155764,0,2.662757831681574,3,2
155867,0,2.287801729930226,3,1
155898,0,,-1,0
155979,0,2.130011949671904,3,0
158068,0,2.361727836017593,3,0
158696,0,,-1,0
162015,0,2.480006942957151,3,0
183025,0,,-1,0
183459,0,2.747411807886423,3,0
185556,0,,-1,0
185558,0,,-1,0
187465,0,2.442479769064449,3,0
188053,0,3.037426497940624,4,0
189175,0,3.11327469246435,4,0
191095,0,1.477121254719662,2,0
191199,0,2.696356388733332,3,0
191200,0,3.534153074185062,4,0
191530,0,,-1,1
191536,0,,-1,1
191823,0,3.006893707947901,4,4
191957,0,2.568788212315347,3,3
191971,0,2.93601079571521,3,0
191972,0,2.845098040014257,3,0
191973,0,2.806858029518817,3,0
192115,0,2.397940008672037,3,2
194183,0,1.079181246047625,2,0
194553,0,2.694605198933569,3,1
194690,0,,-1,0
194728,0,1.876794976200701,2,0
194773,0,2.45178643552429,3,1
195133,0,1.929418925714293,2,0
195134,0,2.420615770625765,3,0
195392,0,,-1,-1
195671,0,2.732956369575624,3,1
195846,0,,-1,0
196016,0,,-1,0
196390,0,2.146128035678238,3,1
196445,0,,-1,0
196596,0,2.698970004336019,3,-1
198360,0,,-1,0
198741,0,2.161368002234975,3,0
199212,0,2.079181246047625,3,-1
199265,0,2.505149978319906,3,1
199343,0,3.875639937004169,4,1
199526,0,2.201397124320451,3,0
199759,0,1.740362689494244,2,1
200298,0,2.653212513775344,3,1
203397,0,3.08278537031645,4,2
203635,0,,-1,-1
203679,0,2.148602654806093,3,1
206431,0,2.343408593803857,3,5
203680,0,2.582063362911709,3,1
203681,0,1.568201724066995,2,1
203737,0,,-1,0
203740,0,,-1,0
204650,0,2.382017042574868,3,2
204651,0,,-1,2
205026,0,2.869231719730976,3,0
205449,0,2.127104798364808,3,4
205740,0,,-1,0
205741,0,,-1,2
205742,0,,-1,2
205743,0,,-1,2
205745,0,,-1,-1
205747,0,1.501059262217751,2,-1
205749,0,2.255272505103306,3,0
205750,0,,-1,0
205756,0,,-1,2
205760,0,,-1,1
205761,0,2.359835482339888,3,2
205763,0,,-1,2
205764,0,1.698970004336019,2,5
205766,0,,-1,0
205767,0,,-1,0
205768,0,2.457881896733992,3,0
205769,0,1.633468455579586,2,0
205772,0,,-1,0
205773,0,1.886490725172482,2,-1
205784,0,,-1,0
205785,0,,-1,-1
205792,0,2.778151250383643,3,0
205795,0,,-1,1
205796,0,0.9912260756924949,1,1
205797,0,0.8195439355418687,1,1
205798,0,,-1,1
205799,0,,-1,1
205844,0,,-1,4
205845,0,,-1,2
205846,0,,-1,3
205847,0,,-1,2
205849,0,2.181843587944773,3,6
205854,0,1.954242509439325,2,0
205857,0,3.095169351431755,4,0
205858,0,3.156851901070011,4,0
205859,0,3.108903127667313,4,0
205860,0,,-1,0
205861,0,2.545307116465824,3,0
205862,0,,-1,0
205864,0,2.953276336667304,3,0
205922,0,,-1,2
205923,0,,-1,0
205926,0,,-1,0
205927,0,2.301029995663981,3,0
205928,0,,-1,0
205929,0,,-1,-1
205930,0,,-1,2
205931,0,,-1,0
205932,0,,-1,-1
205933,0,,-1,0
205935,0,1.361727836017593,2,0
205936,0,,-1,0
205937,0,,-1,0
205938,0,,-1,-1
205939,0,,-1,-1
205942,0,2.532754378992498,3,0
205943,0,,-1,0
205944,0,3.0,4,0
205945,0,,-1,0
205947,0,3.406540180433955,4,0
205949,0,3.065579714728448,4,0
205950,0,,-1,1
205951,0,2.698970004336019,3,-1
205952,0,2.764176132390331,3,1
205978,0,1.602059991327962,2,1
205979,0,1.361727836017593,2,0
205981,0,2.80413943233535,3,2
205982,0,,-1,2
205983,0,,-1,-1
205984,0,2.328379603438738,3,2
205985,0,3.0,4,3
205986,0,,-1,1
205987,0,1.89209460269048,2,5
205988,0,1.096910013008056,2,0
205989,0,,-1,0
205991,0,2.781539968605942,3,1
205992,0,,-1,0
205993,0,,-1,0
205994,0,2.0,3,0
205996,0,1.690196080028514,2,0
205998,0,2.437750562820388,3,0
206003,0,,-1,-1
206004,0,,-1,-1
206005,0,2.988558956878616,3,0
206008,0,,-1,0
206009,0,2.913813852383717,3,0
206012,0,2.903089986991944,3,1
206013,0,,-1,0
206132,0,,-1,0
206134,0,,-1,-1
206135,0,,-1,1
206136,0,2.176091259055681,3,0
206137,0,,-1,-1
206138,0,,-1,-1
206139,0,2.0,3,0
206140,0,,-1,0
206141,0,2.358505911490235,3,0
206142,0,,-1,-1
206143,0,,-1,-1
206145,0,,-1,1
206147,0,2.973127853599699,3,1
206148,0,,-1,0
206152,0,,-1,0
206153,0,,-1,1
206154,0,2.250420002308894,3,1
206156,0,,-1,0
206157,0,1.477121254719662,2,2
206158,0,,-1,2
206159,0,,-1,2
206160,0,,-1,2
206163,0,,-1,-1
206167,0,2.845098040014257,3,2
206169,0,2.301029995663981,3,2
206170,0,,-1,0
206171,0,,-1,0
206172,0,,-1,0
206173,0,,-1,0
206176,0,,-1,1
206180,0,0.6989700043360189,1,-1
206190,0,1.511883360978874,2,0
206191,0,1.602059991327962,2,0
206195,0,2.635483746814912,3,0
206196,0,1.414973347970818,2,-1
206199,0,1.698970004336019,2,-1
206202,0,2.570542939881897,3,0
206205,0,2.477121254719663,3,0
206207,0,,-1,-1
206208,0,1.414973347970818,2,-1
206210,0,1.89209460269048,2,0
206211,0,,-1,-1
206212,0,2.269512944217916,3,0
206213,0,1.113943352306837,2,1
206214,0,,-1,1
206217,0,2.344392273685111,3,1
206218,0,,-1,1
206219,0,,-1,0
206220,0,2.301029995663981,3,0
206222,0,,-1,-1
206223,0,2.146128035678238,3,0
206293,0,2.096910013008056,3,0
206294,0,2.653212513775344,3,1
206295,0,,-1,1
206296,0,,-1,0
206299,0,,-1,2
206300,0,,-1,0
206301,0,,-1,0
206303,0,2.217483944213906,3,0
206304,0,,-1,0
206306,0,1.778151250383644,2,0
206307,0,1.812913356642855,2,0
206308,0,,-1,-1
206309,0,1.929418925714293,2,0
206311,0,,-1,-1
206312,0,,-1,0
206313,0,,-1,0
206314,0,,-1,0
206315,0,2.742725131304698,3,0
206317,0,,-1,2
206318,0,2.580924975675619,3,2
206319,0,,-1,0
206321,0,2.269512944217916,3,0
206322,0,2.271841606536499,3,0
206323,0,,-1,1
206324,0,,-1,1
206325,0,,-1,0
206326,0,,-1,1
206328,0,1.919078092376074,2,-1
206329,0,,-1,0
206330,0,,-1,-1
206331,0,,-1,-1
206332,0,,-1,5
206333,0,2.602059991327963,3,5
206334,0,,-1,-1
206377,0,,-1,6
206378,0,1.301029995663981,2,4
206380,0,1.556302500767287,2,6
206381,0,,-1,3
206382,0,,-1,-1
206383,0,2.984077033902831,3,1
206384,0,1.556302500767287,2,1
206394,0,2.488550716500444,3,0
206395,0,2.056904851336473,3,-1
206396,0,2.20682587603185,3,1
206397,0,2.77887447200274,3,1
206398,0,2.397940008672037,3,1
206399,0,,-1,-1
206400,0,2.710963118995276,3,1
206402,0,1.176091259055681,2,1
206403,0,3.156549151331781,4,1
206419,0,0.7323937598229685,1,-1
206420,0,2.346157302232008,3,1
206423,0,2.06707085604537,3,1
206425,0,2.830588668685144,3,1
206428,0,,-1,-1
206429,0,,-1,1
206430,0,,-1,1
206432,0,,-1,1
206434,0,1.462397997898956,2,1
206435,0,3.089551882886454,4,1
206436,0,2.423245873936808,3,-1
206437,0,1.698970004336019,2,-1
206438,0,2.46686762035411,3,1
206439,0,1.330413773349191,2,1
206448,0,2.008600171761918,3,1
206449,0,,-1,1
206451,0,1.482873583608754,2,-1
206452,0,2.648360010980932,3,1
206453,0,1.974971994298069,2,0
206454,0,2.372912002970107,3,1
206455,0,,-1,1
206456,0,2.376576957056512,3,0
206458,0,2.907411360774586,3,0
206459,0,1.653212513775344,2,-1
206460,0,2.718501688867274,3,1
206462,0,1.505149978319906,2,1
206464,0,1.653212513775344,2,0
206465,0,1.857935264719429,2,-1
206466,0,,-1,-1
206467,0,1.602059991327962,2,2
206849,0,2.949390006644913,3,1
206850,0,2.503790683057181,3,0
206851,0,2.665580991017953,3,1
206852,0,,-1,0
206853,0,1.926856708949692,2,1
206854,0,,-1,0
206855,0,,-1,0
206856,0,2.559906625036112,3,0
206858,0,1.728353782021228,2,0
206859,0,2.219846386024361,3,0
206860,0,,-1,0
206889,0,,-1,1
206890,0,,-1,1
206892,0,,-1,2
206893,0,,-1,1
206895,0,,-1,1
206896,0,,-1,2
206897,0,,-1,1
206898,0,,-1,1
206900,0,1.929418925714293,2,1
206901,0,,-1,1
206902,0,,-1,2
206903,0,,-1,2
206905,0,,-1,-1
206906,0,,-1,-1
206908,0,2.643452676486187,3,0
206910,0,2.544068044350276,3,0
206911,0,,-1,0
206942,0,3.332842266994351,4,0
206943,0,2.477121254719663,3,0
206944,0,1.845098040014257,2,0
206945,0,2.342422680822206,3,0
206946,0,,-1,0
206947,0,2.431363764158987,3,0
206948,0,2.477121254719663,3,0
206949,0,,-1,-1
206950,0,,-1,0
206951,0,2.301029995663981,3,0
206952,0,,-1,0
206953,0,2.190331698170291,3,0
206956,0,2.056904851336473,3,0
206957,0,2.673941998634088,3,0
206958,0,2.574031267727719,3,2
206959,0,,-1,-1
206960,0,,-1,-1
206961,0,,-1,-1
206962,0,2.15106325335375,3,0
207056,0,,-1,-1
207057,0,3.477121254719663,4,0
207058,0,1.577491799837225,2,-1
207059,0,3.099335277685958,4,0
207060,0,,-1,-1
207061,0,1.531478917042255,2,0
207062,0,,-1,-1
207063,0,,-1,-1
207064,0,,-1,0
207065,0,,-1,-1
207164,0,1.301029995663981,2,-1
207165,0,1.740362689494244,2,0
207166,0,1.812913356642855,2,0
207167,0,1.301029995663981,2,0
207169,0,,-1,-1
207170,0,1.913813852383717,2,-1
207172,0,2.230448921378274,3,-1
207174,0,2.778151250383643,3,0
207175,0,1.89209460269048,2,-1
207177,0,1.698970004336019,2,-1
207179,0,2.271841606536499,3,0
207181,0,2.08278537031645,3,0
207288,0,3.002166061756508,4,0
207289,0,3.089905111439398,4,0
207309,0,,-1,0
207310,0,,-1,0
207311,0,,-1,-1
207312,0,,-1,0
207314,0,1.518513939877888,2,-1
207315,0,2.459392487759231,3,0
207316,0,1.940516484932567,2,0
207317,0,0.6434526764861874,1,0
207355,0,1.778151250383644,2,-1
208266,0,,-1,1
208267,0,,-1,1
208268,0,1.763427993562937,2,1
208271,0,,-1,2
208273,0,,-1,2
208275,0,,-1,2
208276,0,,-1,2
208277,0,,-1,-1
208279,0,,-1,2
208280,0,,-1,-1
208285,0,,-1,0
208328,0,,-1,0
208330,0,,-1,0
208331,0,,-1,0
208332,0,,-1,1
208333,0,3.420945405921972,4,2
208334,0,,-1,2
208335,0,2.489958479424835,3,2
208336,0,1.818225893613955,2,2
208337,0,2.070481175066019,3,-1
208338,0,,-1,-1
208339,0,2.505149978319906,3,2
208340,0,1.462397997898956,2,-1
208341,0,1.957607287060095,2,2
208343,0,2.287801729930226,3,0
208346,0,1.755874855672491,2,2
208348,0,2.733999286538387,3,2
208390,0,,-1,2
208391,0,1.974971994298069,2,2
208392,0,,-1,2
208393,0,1.553883026643874,2,-1
208394,0,,-1,-1
208396,0,2.510545010206612,3,-1
208397,0,,-1,2
208398,0,1.374748346010104,2,2
208474,0,2.43568513794163,3,0
208475,0,2.528916700277655,3,0
208476,0,,-1,0
208477,0,,-1,5
208478,0,,-1,1
208484,0,2.812913356642856,3,0
208930,0,2.496929648073215,3,0
208931,0,2.874481817699467,3,0
208932,0,3.397940008672037,4,0
208933,0,,-1,-1
208934,0,,-1,1
208935,0,2.201397124320451,3,0
208936,0,1.544068044350276,2,-1
208937,0,2.456366033129043,3,0
209628,0,2.929418925714293,3,1
209671,0,2.510545010206612,3,1
209836,0,,-1,1
209837,0,,-1,0
209838,0,,-1,-1
209839,0,3.383815365980431,4,0
210060,0,2.342027688087472,3,2
210573,0,,-1,-1
222961,0,,-1,-1
226944,0,3.02530586526477,4,0
227882,0,,-1,0
227886,0,,-1,2
227904,0,,-1,2
227973,0,1.363611979892144,2,1
227974,0,1.732393759822969,2,0
227976,0,2.201397124320451,3,1
227979,0,,-1,1
227982,0,,-1,2
227985,0,,-1,2
227986,0,,-1,1
227991,0,2.514946005308004,3,-1
228007,0,,-1,1
228008,0,,-1,0
228015,0,,-1,-1
228019,0,1.414973347970818,2,0
228020,0,1.878521795501207,2,-1
228021,0,2.100370545117563,3,0
228022,0,2.338456493604605,3,0
228029,0,,-1,0
228031,0,3.085647288296856,4,0
228045,0,2.216957207361097,3,1
228046,0,2.866523625532844,3,1
228053,0,,-1,2
228066,0,,-1,-1
228067,0,1.361727836017593,2,-1
228088,0,2.367355921026019,3,0
228106,0,,-1,2
228123,0,,-1,1
228124,0,2.389166084364533,3,1
228126,0,1.556302500767287,2,1
228128,0,,-1,1
228131,0,,-1,2
230046,0,2.380211241711606,3,2
232876,0,1.792391689498254,2,0
236806,0,2.525044807036845,3,0
237940,0,2.513217600067939,3,0
240070,0,3.261262868792493,4,1
265644,0,,-1,-1
274837,0,2.238046103128795,3,-1
274995,0,2.755874855672491,3,-1
275332,0,1.397940008672038,2,-1
276086,0,4.316620251635936,4,0
279364,0,2.505421327583281,3,-1
280334,0,2.130333768495006,3,-1
285574,0,,-1,1
301415,0,3.060697840353612,4,-1
413873,0,2.115943176939055,3,-1
426034,0,,-1,-1
433182,0,2.372912002970107,3,-1
434649,0,2.434568904034199,3,-1
444419,0,2.6232492903979,3,-1
446953,0,,-1,-1
230618,0,,-1,0
126,2,,-1,3
152,2,0.5502283530550941,1,3
163,2,0.8750612633917001,1,3
2214,2,2.642464520242121,3,2
2778,2,3.079181246047625,4,5
3856,2,2.837588438235511,3,4
4322,2,2.881384656770573,3,3
4331,2,1.602059991327962,2,-1
4342,2,,-1,3
4343,2,0.6127838567197355,1,3
4345,2,2.469674772551798,3,3
4346,2,1.24551266781415,2,3
4349,2,,-1,3
4350,2,2.414806279501013,3,-1
4555,2,0.8920946026904804,1,0
7971,2,1.0,2,-1
8302,2,2.0,3,4
8744,2,0.6020599913279624,1,3
9736,2,2.559308010907012,3,3
10049,2,1.426511261364575,2,-1
10790,2,0.3617278360175928,1,2
13203,2,0.6020599913279624,1,-1
13473,2,1.079181246047625,2,2
13474,2,,-1,3
13477,2,,-1,3
13482,2,1.477121254719662,2,3
13841,2,,-1,-1
13949,2,2.766784515497859,3,3
14351,2,1.0,2,3
14738,2,,-1,3
15217,2,1.792391689498254,2,4
15998,2,0.5314789170422551,1,2
16144,2,2.602059991327963,3,3
16404,2,1.0,2,5
17053,2,0.6020599913279624,1,3
17154,2,,-1,-1
19036,2,1.290034611362518,2,5
19089,2,,-1,3
20111,2,1.903089986991944,2,3
22531,2,1.0,2,1
22701,2,,-1,-1
24511,2,1.503790683057181,2,-1
25286,2,1.257678574869185,2,-1
25293,2,,-1,2
26702,2,,-1,3
28042,2,-0.3010299956639812,0,5
30621,2,2.544068044350276,3,4
30673,2,,-1,-1
32562,2,,-1,0
33114,2,,-1,-1
33127,2,,-1,0
33179,2,-0.9208187539523752,0,2
37411,2,,-1,-1
37499,2,,-1,-1
38508,2,-0.8239087409443188,0,1
41271,2,1.633468455579586,2,3
41272,2,1.0,2,3
41275,2,0.6989700043360189,1,3
42054,2,,-1,-1
42058,2,,-1,-1
42400,2,1.477121254719662,2,3
44003,2,,-1,3
45680,2,-0.1249387366082999,0,4
45788,2,0.6532125137753437,1,-1
45790,2,0.6532125137753437,1,-1
48276,2,-0.619788758288394,0,1
49888,2,,-1,-1
54518,2,1.957607287060095,2,-1
55929,2,1.887335930399167,2,2
65223,2,0.414973347970818,1,0
68115,2,1.568201724066995,2,3
71511,2,0.4771212547196624,1,3
105775,2,,-1,1
123105,2,2.486713775982485,3,3
124002,2,2.957607287060095,3,5
126508,2,1.255272505103306,2,3
126948,2,,-1,3
132305,2,,-1,0
135092,2,,-1,0
135234,2,,-1,-1
153539,2,,-1,1
155467,2,1.698970004336019,2,4
155468,2,1.716003343634799,2,4
155678,2,1.462397997898956,2,4
157353,2,,-1,1
163419,2,2.47567118832443,3,-1
164790,2,1.763427993562937,2,4
174278,2,,-1,-1
185349,2,1.0,2,3
185781,2,-0.8538719643217619,0,0
187080,2,,-1,-1
187092,2,,-1,0
188137,2,0.3010299956639812,1,1
188882,2,0.287801729930226,1,-1
189279,2,,-1,-1
192407,2,,-1,1
196547,2,,-1,-1
196592,2,0.6020599913279624,1,-1
196701,2,,-1,-1
197726,2,,-1,-1
198517,2,,-1,-1
198681,2,,-1,-1
199407,2,,-1,-1
199695,2,,-1,-1
199951,2,,-1,-1
200678,2,,-1,-1
202837,2,,-1,-1
203795,2,,-1,3
204813,2,2.261262868792493,3,2
210140,2,,-1,-1
211939,2,1.602059991327962,2,4
211957,2,,-1,-1
212605,2,-0.8664610916297825,0,2
212969,2,-0.04575749056067512,0,4
212971,2,0.5314789170422551,1,4
212975,2,,-1,1
212976,2,,-1,1
212977,2,,-1,1
212978,2,,-1,1
212981,2,,-1,1
218987,2,,-1,-1
226338,2,,-1,2
226377,2,,-1,3
226441,2,0.0,1,3
226455,2,,-1,3
226456,2,,-1,3
226485,2,,-1,3
226488,2,,-1,3
226501,2,,-1,3
228164,2,0.0,1,1
228165,2,,-1,1
228166,2,,-1,3
228169,2,-0.09691001300805639,0,3
228176,2,,-1,1
228182,2,,-1,3
228183,2,,-1,3
228184,2,,-1,3
228186,2,2.290034611362518,3,3
228187,2,3.136720567156407,4,3
228188,2,,-1,1
228191,2,0.8450980400142568,1,1
228192,2,,-1,1
228193,2,1.698970004336019,2,3
228195,2,,-1,3
228202,2,1.501743729627995,2,3
228203,2,1.845098040014257,2,3
228205,2,2.096910013008056,3,3
228206,2,2.979092900638326,3,3
228207,2,0.9242792860618817,1,3
228210,2,,-1,3
228212,2,0.9542425094393249,1,3
228213,2,1.176091259055681,2,3
228214,2,-0.3979400086720376,0,3
228215,2,0.6989700043360189,1,3
228217,2,0.8976270912904415,1,3
228222,2,0.8512583487190752,1,3
228223,2,1.045322978786657,2,3
228254,2,1.602059991327962,2,3
228255,2,-0.6989700043360187,0,3
228256,2,1.713490543093942,2,3
228257,2,,-1,3
228258,2,0.3010299956639812,1,5
228259,2,1.903089986991944,2,3
228261,2,0.9030899869919435,1,3
228263,2,,-1,3
228264,2,0.7781512503836436,1,3
228268,2,,-1,-1
228272,2,,-1,5
228273,2,,-1,3
228274,2,,-1,2
228275,2,,-1,3
228277,2,,-1,3
228278,2,,-1,3
228280,2,,-1,2
228282,2,,-1,3
228308,2,,-1,2
228325,2,,-1,5
228326,2,,-1,1
228327,2,,-1,5
228328,2,,-1,5
228329,2,,-1,2
228351,2,,-1,2
228352,2,,-1,2
228353,2,,-1,2
228356,2,,-1,0
228357,2,,-1,0
228361,2,1.176091259055681,2,4
228363,2,,-1,1
228364,2,,-1,1
228365,2,,-1,1
228368,2,,-1,1
229581,2,1.550228353055094,2,1
233107,2,,-1,-1
233347,2,0.48572142648158,1,5
234528,2,,-1,-1
234529,2,,-1,-1
239423,2,0.7403626894942439,1,3
242440,2,,-1,1
245304,2,1.676236216763312,2,2
250732,2,0.7323937598229685,1,2
251683,2,,-1,5
258149,2,0.5563025007672873,1,-1
270268,2,,-1,0
290467,2,,-1,-1
292624,2,0.1760912590556812,1,-1
295917,2,,-1,-1
341109,2,0.7160033436347992,1,-1
413086,2,1.544068044350276,2,-1
418454,2,,-1,-1
424355,2,,-1,-1
440458,2,,-1,-1
443145,2,,-1,-1
140,1,1.903089986991944,2,2
231,1,0.4471580313422192,1,6
511,1,-0.0177287669604316,0,2
559,1,0.7315887651867387,1,4
579,1,1.401400540781544,2,6
609,1,2.085647288296856,3,-1
648,1,0.0,1,1
1666,1,-0.1366771398795441,0,5
1728,1,0.7634279935629372,1,2
2461,1,0.3654879848908996,1,6
2567,1,0.8555191556678001,1,0
3123,1,2.524136376592569,3,2
3346,1,1.462397997898956,2,6
4364,1,1.153509989300838,2,0
4381,1,2.139879086401236,3,6
4496,1,0.7323937598229685,1,5
5774,1,2.494154594018443,3,2
6001,1,-0.3010299956639812,0,2
6771,1,1.766412847112399,2,6
7372,1,0.568201724066995,1,2
7376,1,-0.2924298239020636,0,2
8418,1,0.5976951859255123,1,6
8563,1,0.3617278360175928,1,0
8587,1,1.532754378992498,2,2
8588,1,0.0,1,1
8667,1,1.477121254719662,2,1
8700,1,-0.5686362358410126,0,6
8794,1,-0.05551732784983137,0,2
8875,1,1.710117365111816,2,1
8905,1,1.096910013008056,2,2
8906,1,2.027757204690554,3,2
9014,1,1.477121254719662,2,2
9496,1,0.919078092376074,1,6
9552,1,-0.05551732784983137,0,1
9592,1,0.6532125137753437,1,2
9697,1,0.2304489213782739,1,5
9702,1,1.471731651480051,2,6
9743,1,0.4771212547196624,1,1
9832,1,0.8014037100173551,1,6
10058,1,0.9890046156985368,1,5
10277,1,1.747023177451628,2,2
10351,1,0.1072099696478684,1,6
10452,1,-0.3372421683184259,0,5
10617,1,0.3010299956639812,1,5
10618,1,1.477121254719662,2,5
10663,1,1.079181246047625,2,6
10687,1,-0.2839966563652008,0,2
10867,1,1.204119982655925,2,6
10915,1,1.187520720836463,2,5
10917,1,0.04139268515822508,1,6
10918,1,1.310693312343361,2,5
11182,1,1.795184589682424,2,5
11434,1,1.0,2,-1
11508,1,,-1,4
11605,1,1.301029995663981,2,2
185489,1,1.733999286538387,2,0
188080,1,1.359456020120987,2,0
188088,1,,-1,-1
188083,1,,-1,-1
188087,1,,-1,-1
188085,1,,-1,-1
11734,1,0.3541084391474009,1,0
11777,1,1.550656578801575,2,2
11803,1,0.414973347970818,1,3
11824,1,1.826722520168992,2,1
11886,1,0.9960736544852753,1,5
12048,1,-0.07572071393811836,0,5
12053,1,0.1760912590556812,1,5
13126,1,1.879095879500073,2,6
13132,1,0.8692317197309762,1,5
13955,1,1.303196057420489,2,5
14050,1,1.397940008672038,2,2
14096,1,1.204119982655925,2,1
14413,1,1.198657086954423,2,2
14752,1,2.340444114840118,3,2
14853,1,0.469822015978163,1,2
15806,1,1.06707085604537,2,6
16723,1,1.369215857410143,2,2
16762,1,1.056904851336473,2,2
17055,1,0.2552725051033061,1,5
17373,1,-0.1023729087095585,0,2
17460,1,0.5289167002776547,1,5
17539,1,-0.04095860767890638,0,1
17692,1,1.247973266361807,2,2
18571,1,0.6020599913279624,1,6
18578,1,0.6665179805548809,1,6
18580,1,0.9542425094393249,1,6
18581,1,0.8129133566428556,1,6
18583,1,0.2552725051033061,1,5
18672,1,0.8450980400142568,1,2
18705,1,1.301029995663981,2,2
18790,1,0.7323937598229685,1,1
18839,1,0.3996737214810381,1,6
19265,1,1.227886704613673,2,2
19429,1,2.096910013008056,3,2
19493,1,1.591064607026499,2,2
19649,1,0.4771212547196624,1,1
19966,1,1.91803033678488,2,5
19975,1,1.03342375548695,2,3
20269,1,1.653212513775344,2,2
21603,1,0.6190933306267428,1,2
21605,1,0.2741578492636798,1,5
21755,1,1.477121254719662,2,1
22987,1,0.1760912590556812,1,1
23128,1,1.0,2,2
23197,1,1.876217840591642,2,2
23365,1,0.7993405494535817,1,5
23547,1,2.011147360775797,3,1
24322,1,-0.09691001300805639,0,2
25303,1,1.170261715394957,2,6
25473,1,0.9400181550076633,1,0
107981,1,0.4232458739368078,1,-1
25611,1,-0.2365720064370627,0,1
25612,1,0.6989700043360189,1,1
25613,1,1.058426024457005,2,0
25615,1,1.0565237240791,2,1
25693,1,1.832508912706236,2,5
25940,1,-0.4559319556497244,0,6
26138,1,0.1643528557844371,1,2
26201,1,0.5786392099680724,1,2
27717,1,0.4393326938302626,1,6
27934,1,-0.8239087409443188,0,2
28095,1,1.382017042574868,2,1
28109,1,0.1760912590556812,1,1
28110,1,1.176091259055681,2,1
28152,1,0.6253124509616739,1,1
28584,1,1.447158031342219,2,3
28719,1,0.6901960800285137,1,2
28720,1,-0.4436974992327127,0,2
28721,1,0.250420002308894,1,2
28722,1,0.5276299008713387,1,2
28723,1,0.6954816764901974,1,2
28724,1,1.468347330412157,2,2
29703,1,0.7723217067229198,1,6
30641,1,-0.3979400086720376,0,2
32728,1,,-1,-1
32790,1,0.3979400086720376,1,-1
33954,1,1.230448921378274,2,2
34420,1,0.9542425094393249,1,2
34428,1,0.6532125137753437,1,2
35613,1,0.7781512503836436,1,2
36285,1,,-1,-1
36363,1,0.4771212547196624,1,2
44061,1,-0.4436974992327127,0,5
44460,1,0.6324572921847242,1,2
44769,1,0.1553360374650618,1,5
45920,1,0.9030899869919435,1,6
46287,1,,-1,-1
46329,1,0.6532125137753437,1,2
46331,1,0.4771212547196624,1,2
46414,1,-0.6020599913279624,0,6
46421,1,1.698970004336019,2,2
46430,1,1.654465333520146,2,2
46432,1,1.409933123331295,2,-1
46745,1,1.079181246047625,2,3
46971,1,-0.8860566476931632,0,-1
47837,1,0.4771212547196624,1,3
48271,1,0.3201462861110539,1,6
48424,1,0.4771212547196624,1,2
50665,1,0.6570558528571039,1,5
51825,1,0.4313637641589874,1,5
53669,1,0.6766936096248666,1,0
56299,1,0.8195439355418687,1,2
56379,1,-0.3010299956639812,0,2
56940,1,0.3979400086720376,1,-1
58783,1,-1.0,0,2
60100,1,-0.07572071393811836,0,1
60101,1,0.290034611362518,1,1
64183,1,1.477121254719662,2,6
64578,1,1.107209969647868,2,1
64579,1,0.7403626894942439,1,1
65283,1,0.07918124604762482,1,6
66391,1,0.6020599913279624,1,0
66858,1,0.04139268515822508,1,3
66898,1,-0.2441251443275086,0,3
68188,1,-0.6020599913279624,0,2
73136,1,-0.6989700043360187,0,0
73233,1,0.414973347970818,1,0
73255,1,0.6532125137753437,1,1
75449,1,0.07918124604762482,1,1
81928,1,-0.2839966563652008,0,1
84746,1,-0.8538719643217619,0,1
85223,1,0.3010299956639812,1,1
92443,1,0.3222192947339193,1,2
92495,1,-0.2076083105017461,0,2
93923,1,-0.744727494896694,0,2
98618,1,0.1335389083702175,1,1
105730,1,0.8633228601204559,1,2
108083,1,0.9030899869919435,1,0
108163,1,0.5241363765925685,1,0
108673,1,0.0,1,2
109677,1,1.238046103128795,2,6
109688,1,-0.6020599913279624,0,6
122949,1,0.3138672203691534,1,6
123462,1,0.07918124604762482,1,1
125608,1,0.6989700043360189,1,1
131315,1,0.4727564493172124,1,2
131316,1,1.297979244159362,2,-1
134605,1,2.28330122870355,3,5
135298,1,1.732393759822969,2,4
143888,1,0.8920946026904804,1,2
144055,1,0.6989700043360189,1,2
144272,1,1.807535028068853,2,2
144903,1,0.9138138523837167,1,1
144955,1,1.419955748489758,2,2
144957,1,1.977723605288848,2,2
144964,1,0.505149978319906,1,2
144966,1,1.0,2,2
145027,1,1.164352855784437,2,3
145060,1,0.568201724066995,1,2
145237,1,1.164352855784437,2,3
146259,1,0.9030899869919435,1,1
146933,1,1.623249290397901,2,1
147142,1,0.3979400086720376,1,2
147151,1,1.491361693834273,2,5
155653,1,1.301029995663981,2,2
156937,1,0.8027737252919757,1,2
157060,1,1.435366506612661,2,-1
158668,1,2.041392685158225,3,2
159565,1,0.8109042806687004,1,0
171360,1,0.4771212547196624,1,0
175692,1,2.671172842715083,3,2
185726,1,1.544068044350276,2,2
185841,1,1.924279286061882,2,2
186441,1,0.8260748027008264,1,1
186761,1,-0.2218487496163564,0,2
186817,1,-0.2839966563652008,0,6
186819,1,0.3117538610557543,1,6
186820,1,0.6693168805661122,1,6
186826,1,0.4313637641589874,1,6
186827,1,0.6875289612146344,1,6
186828,1,-0.4685210829577449,0,6
187984,1,0.6532125137753437,1,0
187986,1,0.1931245983544616,1,0
187989,1,-0.5686362358410126,0,0
187990,1,0.2329961103921538,1,1
190419,1,1.707570176097936,2,2
190420,1,0.8388490907372553,1,2
190504,1,1.653212513775344,2,1
191851,1,1.602059991327962,2,1
192017,1,0.6901960800285137,1,2
192018,1,0.8195439355418687,1,2
192116,1,0.9867717342662449,1,2
192118,1,1.113943352306837,2,2
192120,1,0.658964842664435,1,2
192198,1,-0.1366771398795441,0,1
193448,1,0.5037906830571811,1,5
193482,1,1.919810020170196,2,-1
193486,1,1.063708559391417,2,1
193982,1,1.0,2,2
194033,1,2.113943352306837,3,2
194041,1,0.5440680443502757,1,-1
194046,1,0.3617278360175928,1,2
194178,1,-0.9208187539523752,0,2
194599,1,1.004321373782643,2,6
195124,1,1.361727836017593,2,2
195346,1,-0.2006594505464183,0,5
195350,1,0.1003705451175629,1,1
195374,1,0.2013971243204515,1,6
195437,1,0.03342375548694973,1,5
195439,1,-0.2006594505464183,0,6
195441,1,-0.2518119729937995,0,5
195445,1,1.313867220369153,2,5
195447,1,0.2304489213782739,1,5
195448,1,0.1986570869544226,1,5
195450,1,-0.619788758288394,0,5
195451,1,-0.8239087409443188,0,5
195453,1,-0.5228787452803376,0,5
195454,1,-0.04575749056067512,0,1
195460,1,0.0,1,1
195554,1,2.214843848047698,3,2
195712,1,0.1760912590556812,1,1
196312,1,1.568201724066995,2,2
197027,1,0.505149978319906,1,0
197159,1,0.04139268515822508,1,2
198217,1,0.4771212547196624,1,2
200220,1,1.264817823009536,2,2
203361,1,-0.04095860767890638,0,-1
203368,1,0.3979400086720376,1,1
203668,1,-0.1307682802690238,0,6
203671,1,0.7664128471123994,1,-1
203694,1,0.07918124604762482,1,2
203712,1,0.6201360549737575,1,2
204066,1,0.6989700043360189,1,2
204443,1,-0.05551732784983137,0,2
204899,1,1.079181246047625,2,2
204902,1,0.1760912590556812,1,2
204906,1,-0.214670164989233,0,2
204909,1,1.760422483423212,2,2
204913,1,-0.04095860767890638,0,2
204915,1,0.5797835966168101,1,-1
204918,1,0.2201080880400551,1,2
204920,1,0.7781512503836436,1,2
204923,1,0.2041199826559248,1,2
204925,1,0.2671717284030138,1,2
204926,1,0.3944516808262163,1,2
204927,1,0.9344984512435677,1,2
204928,1,0.6232492903979004,1,2
204930,1,1.056904851336473,2,2
204933,1,0.6364878963533654,1,2
204934,1,0.4593924877592309,1,2
204935,1,-0.2291479883578558,0,2
204941,1,0.0,1,2
204943,1,1.531478917042255,2,2
204946,1,0.0,1,2
204949,1,1.0,2,2
205423,1,1.096910013008056,2,-1
205483,1,0.1986570869544226,1,6
205613,1,0.5888317255942073,1,0
205614,1,0.5634810853944107,1,0
205615,1,0.9025467793139914,1,0
206050,1,0.724275869600789,1,6
206052,1,0.2304489213782739,1,6
206690,1,0.6720978579357175,1,2
207910,1,0.2355284469075489,1,6
207911,1,1.397940008672038,2,6
209445,1,0.667452952889954,1,6
209909,1,1.07700432679335,2,3
210265,1,1.049218022670181,2,3
210267,1,0.3010299956639812,1,-1
212179,1,0.2304489213782739,1,0
214669,1,0.3617278360175928,1,2
214670,1,0.1760912590556812,1,2
214671,1,,-1,-1
214679,1,0.3222192947339193,1,2
217008,1,-0.431798275933005,0,2
217330,1,0.2173439169736458,1,0
217344,1,0.2380461031287954,1,-1
217350,1,0.6532125137753437,1,0
220728,1,0.3138672203691534,1,2
222130,1,0.526339277389844,1,1
224829,1,-0.431798275933005,0,2
230048,1,1.630427875025024,2,2
231161,1,0.3710678622717363,1,1
231326,1,0.2304489213782739,1,2
231677,1,1.00774777800074,2,-1
232935,1,1.397940008672038,2,-1
233725,1,0.5065050324048721,1,6
235751,1,0.2600713879850748,1,2
237747,1,1.133538908370217,2,1
445550,1,,-1,-1
237746,1,0.6434526764861874,1,1
239474,1,0.5987905067631151,1,2
239475,1,0.9777236052888477,1,2
241607,1,-0.2518119729937995,0,2
242867,1,0.2041199826559248,1,2
243323,1,-0.6575773191777937,0,6
243349,1,0.1335389083702175,1,5
243351,1,-0.1307682802690238,0,5
243373,1,0.2857822737793947,1,5
243607,1,0.1303337684950061,1,5
243676,1,0.4533183400470376,1,6
243680,1,-0.2441251443275086,0,6
243681,1,0.3201462861110539,1,6
243684,1,0.568201724066995,1,6
244258,1,0.1038037209559569,1,6
244355,1,0.0,1,3
244359,1,0.3222192947339193,1,3
244362,1,-0.02687214640030136,0,6
244581,1,1.307496037913213,2,6
244583,1,0.437750562820388,1,6
244584,1,0.2966651902615311,1,6
244626,1,1.301029995663981,2,2
244917,1,0.6117233080073418,1,6
244918,1,0.1139433523068368,1,6
244919,1,0.0,1,6
246047,1,0.0,1,2
247015,1,0.7075701760979364,1,-1
248675,1,0.7474118078864233,1,0
248677,1,-0.3467874862246563,0,0
248824,1,0.05307844348341968,1,6
248892,1,-0.04095860767890638,0,2
251086,1,1.397940008672038,2,2
251681,1,0.1760912590556812,1,-1
252865,1,-0.1804560644581313,0,6
254752,1,0.3201462861110539,1,6
254956,1,-0.1249387366082999,0,-1
254957,1,0.5037906830571811,1,6
256822,1,0.09691001300805642,1,6
256957,1,1.702775077901044,2,6
257036,1,0.4281347940287888,1,6
257043,1,0.9938769149412112,1,6
257044,1,0.481442628502305,1,6
257046,1,1.180125875164054,2,6
258979,1,0.4927603890268375,1,0
259043,1,1.397940008672038,2,1
260898,1,0.380211241711606,1,2
262768,1,0.8061799739838872,1,3
265657,1,2.105510184769974,3,2
270647,1,1.301029995663981,2,-1
270836,1,2.015359755409214,3,-1
248876,1,0.9576072870600952,1,2
8945,1,,-1,2
248877,1,0.5763413502057929,1,2
271803,1,0.6503075231319364,1,-1
272287,1,0.9590413923210935,1,2
272685,1,1.489958479424835,2,-1
284245,1,0.02857125269253764,1,6
289643,1,0.4771212547196624,1,-1
290390,1,0.0,1,-1
295016,1,0.3944516808262163,1,1
295017,1,0.2227164711475833,1,1
296327,1,1.662757831681574,2,-1
297488,1,1.462397997898956,2,-1
297491,1,1.068185861746162,2,-1
298562,1,2.354108439147401,3,-1
298565,1,0.4623979978989561,1,-1
298567,1,1.152288344383056,2,-1
301111,1,0.846955325019824,1,-1
302291,1,-0.1366771398795441,0,-1
302593,1,1.982271233039568,2,-1
303860,1,0.1760912590556812,1,-1
308054,1,0.07188200730612536,1,-1
308438,1,1.623249290397901,2,-1
308609,1,1.146128035678238,2,-1
310457,1,0.4471580313422192,1,-1
332884,1,2.241048150671644,3,-1
333368,1,1.469822015978163,2,-1
333667,1,1.15836249209525,2,-1
335886,1,0.9344984512435677,1,-1
407137,1,-0.3979400086720376,0,-1
412590,1,0.09342168516223506,1,-1
413604,1,0.4913616938342727,1,-1
423145,1,0.505149978319906,1,-1
423314,1,1.021189299069938,2,-1
424161,1,1.654176541877961,2,-1
424809,1,1.079181246047625,2,-1
433522,1,0.8603380065709937,1,-1
435447,1,0.1522883443830565,1,-1
440657,1,-0.1426675035687316,0,-1
442215,1,0.6020599913279624,1,-1
444000,1,0.09342168516223506,1,-1
446710,1,1.041392685158225,2,-1
448213,1,0.505149978319906,1,-1
252247,1,2.041392685158225,3,2
455407,1,0.2304489213782739,1,-1
506,3,,-1,5
721,3,0.2787536009528289,1,2
730,3,1.806559815499114,2,2
2725,3,,-1,6
2751,3,,-1,1
3063,3,,-1,5
3064,3,,-1,-1
3075,3,,-1,-1
7797,3,2.678518379040114,3,6
8049,3,,-1,5
8082,3,,-1,5
8182,3,,-1,5
8701,3,,-1,5
9386,3,,-1,1
10328,3,,-1,5
10383,3,,-1,5
11127,3,,-1,5
11952,3,,-1,-1
14297,3,,-1,5
15930,3,,-1,-1
16397,3,,-1,-1
16722,3,,-1,5
18379,3,,-1,6
18963,3,,-1,-1
20202,3,,-1,-1
21132,3,,-1,-1
21217,3,,-1,5
21221,3,-0.1804560644581313,0,4
21638,3,,-1,6
22091,3,,-1,-1
25759,3,,-1,4
25958,3,,-1,-1
26179,3,,-1,-1
26314,3,,-1,-1
47950,3,,-1,5
48983,3,1.681241237375587,2,-1
52166,3,2.715794498003507,3,3
56760,3,,-1,-1
122759,3,1.653212513775344,2,6
122767,3,,-1,6
123423,3,,-1,-1
134599,3,0.1986570869544226,1,5
143447,3,,-1,-1
143624,3,1.15836249209525,2,-1
143633,3,,-1,1
143648,3,,-1,1
143685,3,,-1,-1
143975,3,1.525951341248013,2,2
144051,3,1.867873896276253,2,2
144069,3,0.840168849240756,1,2
144070,3,0.9542425094393249,1,2
144071,3,1.851643537743008,2,2
144072,3,0.2552725051033061,1,2
144073,3,1.362218500326052,2,2
144081,3,,-1,2
144083,3,1.469350661182846,2,-1
144450,3,0.8721562727482929,1,-1
144713,3,-0.5606673061697374,0,-1
147060,3,0.3907585287387172,1,2
147067,3,0.3825573219087858,1,-1
155526,3,1.540504659129165,2,-1
155865,3,0.8219063773523231,1,2
156831,3,1.98095731622962,2,-1
157684,3,,-1,4
166723,3,,-1,-1
167211,3,,-1,-1
185759,3,,-1,2
185761,3,,-1,-1
185767,3,,-1,-1
188445,3,,-1,5
190656,3,,-1,-1
192016,3,-0.2254830342714504,0,-1
192786,3,-0.1249387366082999,0,4
192788,3,0.180125875164054,1,3
210332,3,,-1,5
225030,3,,-1,5
225646,3,0.8750612633917001,1,-1
231947,3,,-1,6
232236,3,,-1,2
232918,3,-0.2464169411070935,0,-1
232939,3,,-1,-1
232947,3,0.8813275841005513,1,-1
232948,3,,-1,-1
234066,3,,-1,-1
234067,3,,-1,-1
247872,3,,-1,-1
248178,3,,-1,6
250844,3,,-1,1
254843,3,,-1,-1
255031,3,,-1,-1
259234,3,,-1,-1
260009,3,2.195899652409234,3,1
266410,3,,-1,-1
298078,3,,-1,6
302747,3,,-1,-1
359845,3,,-1,-1
405074,3,,-1,-1
432887,3,,-1,-1
433058,3,1.318751813857112,2,-1
444013,3,-0.5316526695878427,0,-1
125,4,-0.4606290325364167,0,-1
132,4,2.676693609624866,3,4
134,4,0.3424226808222063,1,4
171,4,,-1,-1
9786,4,,-1,6
11726,4,3.826074802700826,4,5
13826,4,1.819543935541869,2,4
13958,4,,-1,-1
17046,4,,-1,3
18837,4,,-1,-1
19062,4,0.4913616938342727,1,-1
24995,4,2.340444114840118,3,6
26538,4,,-1,-1
27056,4,,-1,-1
32750,4,,-1,-1
43252,4,,-1,0
46972,4,,-1,-1
56211,4,,-1,4
65285,4,,-1,4
122266,4,,-1,-1
123470,4,1.301029995663981,2,5
127294,4,0.4771212547196624,1,4
134745,4,,-1,4
135235,4,2.593286067020457,3,-1
144270,4,,-1,2
144548,4,,-1,6
145877,4,3.046104787246039,4,6
145879,4,2.550228353055094,3,6
145884,4,,-1,-1
158934,4,,-1,-1
158941,4,1.041392685158225,2,-1
190718,4,,-1,6
190736,4,2.352182518111363,3,-1
191196,4,2.602059991327963,3,-1
191789,4,,-1,4
191790,4,,-1,4
191824,4,,-1,5
191825,4,,-1,-1
191826,4,,-1,-1
191827,4,,-1,-1
191828,4,,-1,-1
191829,4,,-1,-1
191830,4,,-1,-1
191961,4,,-1,-1
195732,4,,-1,-1
195768,4,2.184123354239671,3,-1
203657,4,,-1,-1
205327,4,,-1,-1
205328,4,,-1,-1
206070,4,,-1,4
207467,4,,-1,-1
209868,4,,-1,4
210493,4,,-1,4
216983,4,,-1,-1
229882,4,2.487138375477187,3,-1
230442,4,,-1,-1
230718,4,0.5132176000679389,1,-1
232161,4,,-1,-1
233025,4,,-1,-1
238301,4,,-1,1
241797,4,,-1,-1
250907,4,,-1,-1
250908,4,,-1,-1
259639,4,0.1643528557844371,1,-1
263387,4,,-1,-1
263633,4,,-1,5
265550,4,1.682145076373832,2,4
266579,4,,-1,0
272577,4,,-1,4
273386,4,,-1,4
292660,4,,-1,-1
297726,4,1.931966114728173,2,-1
302499,4,,-1,-1
339708,4,1.100370545117563,2,-1
344977,4,3.6232492903979,4,-1
413049,4,1.770115294787102,2,-1
417880,4,,-1,-1
424703,4,,-1,-1
425517,4,,-1,-1
426693,4,,-1,-1
427366,4,2.527629900871339,3,-1
437536,4,,-1,-1
441900,4,,-1,-1
442201,4,,-1,-1
442509,4,0.4668676203541095,1,-1
442519,4,0.5092025223311029,1,-1
445529,4,,-1,-1
446146,4,1.361727836017593,2,-1
446485,4,,-1,-1
454720,4,,-1,-1
455829,4,0.9777236052888477,1,-1
158935,4,,-1,-1
206072,4,,-1,4
419976,4,,-1,-1
