deposit_model_id,mindat_id,has_mineral
0,125,1
1,126,1
2,132,1
3,134,1
4,140,1
5,152,1
6,163,1
7,171,1
8,231,1
9,506,1
10,511,1
11,559,1
12,579,1
13,609,1
14,641,1
15,648,1
16,721,1
17,730,1
18,1666,1
19,1728,1
20,2120,1
21,2214,1
22,2355,1
23,2461,1
24,2567,1
25,2596,1
26,2725,1
27,2751,1
28,2778,1
29,3063,1
30,3064,1
31,3075,1
32,3123,1
33,3326,1
34,3346,1
35,3373,1
36,3374,1
37,3376,1
38,3377,1
39,3856,1
40,3978,1
41,4181,1
42,4322,1
43,4331,1
44,4342,1
45,4343,1
46,4345,1
47,4346,1
48,4349,1
49,4350,1
50,4364,1
51,4381,1
52,4464,1
53,4496,1
54,4555,1
55,5436,1
56,5774,1
57,5792,1
58,5793,1
59,5798,1
60,6001,1
61,6771,1
62,6926,1
63,7314,1
64,7372,1
65,7376,1
66,7377,1
67,7378,1
68,7797,1
69,7971,1
70,8049,1
71,8064,1
72,8082,1
73,8182,1
74,8302,1
75,8417,1
76,8418,1
77,8428,1
78,8563,1
79,8577,1
80,8582,1
81,8587,1
82,8588,1
83,8667,1
84,8700,1
85,8701,1
86,8744,1
87,8794,1
88,8802,1
89,8831,1
90,8859,1
91,8875,1
92,8886,1
93,8905,1
94,8906,1
95,8945,1
96,9014,1
97,9386,1
98,9496,1
99,9552,1
100,9592,1
101,9697,1
102,9702,1
103,9706,1
104,9736,1
105,9743,1
106,9786,1
107,9832,1
108,9905,1
109,10049,1
110,10058,1
111,10277,1
112,10328,1
113,10351,1
114,10383,1
115,10452,1
116,10591,1
117,10617,1
118,10618,1
119,10663,1
120,10687,1
121,10790,1
122,10867,1
123,10915,1
124,10917,1
125,10918,1
126,11127,1
127,11182,1
128,11307,1
129,11434,1
130,11459,1
131,11508,1
132,11605,1
133,11726,1
134,11734,1
135,11777,1
136,11803,1
137,11824,1
138,11886,1
139,11952,1
140,11973,1
141,12048,1
142,12053,1
143,12054,1
144,12057,1
145,12663,1
146,13126,1
147,13132,1
148,13203,1
149,13473,1
150,13474,1
151,13477,1
152,13482,1
153,13770,1
154,13826,1
155,13841,1
156,13949,1
157,13955,1
158,13958,1
159,14050,1
160,14096,1
161,14115,1
162,14297,1
163,14351,1
164,14413,1
165,14738,1
166,14752,1
167,14853,1
168,15187,1
169,15213,1
170,15217,1
171,15806,1
172,15930,1
173,15963,1
174,15998,1
175,16033,1
176,16144,1
177,16242,1
178,16397,1
179,16404,1
180,16510,1
181,16722,1
182,16723,1
183,16762,1
184,17046,1
185,17053,1
186,17055,1
187,17154,1
188,17175,1
189,17373,1
190,17460,1
191,17539,1
192,17692,1
193,17816,1
194,18255,1
195,18270,1
196,18379,1
197,18441,1
198,18571,1
199,18578,1
200,18580,1
201,18581,1
202,18583,1
203,18672,1
204,18705,1
205,18790,1
206,18837,1
207,18839,1
208,18963,1
209,19036,1
210,19062,1
211,19089,1
212,19265,1
213,19429,1
214,19493,1
215,19949,1
216,19966,1
217,19975,1
218,20111,1
219,20202,1
220,20269,1
221,21099,1
222,21132,1
223,21217,1
224,21221,1
225,21538,1
226,21589,1
227,21603,1
228,21605,1
229,21638,1
230,21755,1
231,22091,1
232,22183,1
233,22204,1
234,22531,1
235,22701,1
236,22945,1
237,22987,1
238,23128,1
239,23197,1
240,23362,1
241,23365,1
242,23547,1
243,24322,1
244,24511,1
245,24995,1
246,25120,1
247,25121,1
248,25286,1
249,25293,1
250,25303,1
251,25368,1
252,25411,1
253,25444,1
254,25473,1
255,25581,1
256,25611,1
257,25612,1
258,25613,1
259,25615,1
260,25693,1
261,25759,1
262,25845,1
263,25904,1
264,25940,1
265,25949,1
266,25958,1
267,26138,1
268,26155,1
269,26179,1
270,26201,1
271,26314,1
272,26538,1
273,26686,1
274,26702,1
275,27056,1
276,27162,1
277,27221,1
278,27227,1
279,27261,1
280,27717,1
281,27934,1
282,28042,1
283,28095,1
284,28109,1
285,28110,1
286,28152,1
287,28230,1
288,28448,1
289,28584,1
290,28588,1
291,28719,1
292,28720,1
293,28721,1
294,28722,1
295,28723,1
296,28724,1
297,29703,1
298,30204,1
299,30621,1
300,30641,1
301,30673,1
302,30976,1
303,32000,1
304,32440,1
305,32562,1
306,32728,1
307,32750,1
308,32790,1
309,33114,1
310,33127,1
311,33179,1
312,33219,1
313,33241,1
314,33954,1
315,34420,1
316,34428,1
317,34975,1
318,35613,1
319,36285,1
320,36363,1
321,36818,1
322,37411,1
323,37441,1
324,37499,1
325,38508,1
326,39272,1
327,39273,1
328,39275,1
329,41271,1
330,41272,1
331,41275,1
332,42054,1
333,42058,1
334,42400,1
335,43252,1
336,43582,1
337,43585,1
338,43642,1
339,44003,1
340,44061,1
341,44124,1
342,44460,1
343,44769,1
344,45680,1
345,45788,1
346,45790,1
347,45920,1
348,46163,1
349,46287,1
350,46329,1
351,46331,1
352,46414,1
353,46421,1
354,46430,1
355,46432,1
356,46745,1
357,46971,1
358,46972,1
359,47606,1
360,47837,1
361,47950,1
362,48271,1
363,48424,1
364,48983,1
365,49888,1
366,50665,1
367,50863,1
368,51058,1
369,51825,1
370,52166,1
371,52775,1
372,53487,1
373,53669,1
374,54260,1
375,54489,1
376,54518,1
377,55427,1
378,55597,1
379,55929,1
380,56211,1
381,56299,1
382,56379,1
383,56760,1
384,56940,1
385,58352,1
386,58783,1
387,59571,1
388,60100,1
389,60101,1
390,60113,1
391,60164,1
392,61612,1
393,62248,1
394,62514,1
395,63180,1
396,63563,1
397,64183,1
398,64292,1
399,64347,1
400,64578,1
401,64759,1
402,65223,1
403,65283,1
404,65285,1
405,66391,1
406,66858,1
407,66898,1
408,68115,1
409,68188,1
410,68257,1
411,68700,1
412,69552,1
413,71511,1
414,73136,1
415,73233,1
416,73255,1
417,75449,1
418,81928,1
419,84746,1
420,85223,1
421,86332,1
422,92443,1
423,92495,1
424,93923,1
425,98618,1
426,105730,1
427,105775,1
428,107252,1
429,107981,1
430,108083,1
431,108163,1
432,108197,1
433,108673,1
434,109677,1
435,109688,1
436,114858,1
437,122228,1
438,122266,1
439,122759,1
440,122767,1
441,122804,1
442,122928,1
443,122945,1
444,122949,1
445,122950,1
446,122951,1
447,123105,1
448,123423,1
449,123464,1
450,123470,1
451,124002,1
452,125608,1
453,126508,1
454,126948,1
455,127294,1
456,127444,1
457,131133,1
458,131315,1
459,131316,1
460,132210,1
461,132305,1
462,132814,1
463,133117,1
464,134565,1
465,134575,1
466,134576,1
467,134599,1
468,134605,1
469,134676,1
470,134745,1
471,134936,1
472,135092,1
473,135234,1
474,135235,1
475,135237,1
476,135298,1
477,135329,1
478,136123,1
479,142172,1
480,142173,1
481,142174,1
482,142175,1
483,142183,1
484,142185,1
485,142186,1
486,142187,1
487,142189,1
488,142195,1
489,142196,1
490,142198,1
491,142686,1
492,142687,1
493,142688,1
494,142689,1
495,142690,1
496,142691,1
497,142692,1
498,142695,1
499,142696,1
500,142697,1
501,142698,1
502,142699,1
503,142700,1
504,142703,1
505,143447,1
506,143624,1
507,143633,1
508,143648,1
509,143685,1
510,143718,1
511,143888,1
512,143892,1
513,143975,1
514,144051,1
515,144055,1
516,144069,1
517,144070,1
518,144071,1
519,144072,1
520,144073,1
521,144081,1
522,144083,1
523,144270,1
524,144272,1
525,144450,1
526,144548,1
527,144713,1
528,144903,1
529,144955,1
530,144957,1
531,144964,1
532,144966,1
533,145027,1
534,145060,1
535,145237,1
536,145877,1
537,145879,1
538,145884,1
539,146259,1
540,146855,1
541,146933,1
542,147060,1
543,147067,1
544,147142,1
545,147151,1
546,153539,1
547,155467,1
548,155468,1
549,155526,1
550,155653,1
551,155678,1
552,155764,1
553,155865,1
554,155867,1
555,155898,1
556,155979,1
557,156831,1
558,156937,1
559,157060,1
560,157353,1
561,157684,1
562,158068,1
563,158668,1
564,158696,1
565,158934,1
566,158935,1
567,158941,1
568,159565,1
569,162015,1
570,163419,1
571,164790,1
572,166723,1
573,171360,1
574,175692,1
575,183025,1
576,183459,1
577,185349,1
578,185489,1
579,185556,1
580,185558,1
581,185726,1
582,185759,1
583,185761,1
584,185767,1
585,185781,1
586,185841,1
587,186441,1
588,186761,1
589,186817,1
590,186819,1
591,186820,1
592,186826,1
593,186827,1
594,187080,1
595,187092,1
596,187465,1
597,187984,1
598,187986,1
599,187989,1
600,187990,1
601,188053,1
602,188080,1
603,188083,1
604,188085,1
605,188087,1
606,188137,1
607,188445,1
608,188882,1
609,189175,1
610,189279,1
611,190419,1
612,190420,1
613,190504,1
614,190656,1
615,190718,1
616,190736,1
617,191095,1
618,191196,1
619,191199,1
620,191200,1
621,191530,1
622,191536,1
623,191789,1
624,191790,1
625,191823,1
626,191824,1
627,191825,1
628,191826,1
629,191827,1
630,191828,1
631,191829,1
632,191830,1
633,191851,1
634,191957,1
635,191961,1
636,191971,1
637,191972,1
638,191973,1
639,192016,1
640,192017,1
641,192018,1
642,192115,1
643,192116,1
644,192120,1
645,192198,1
646,192407,1
647,192786,1
648,192788,1
649,193448,1
650,193482,1
651,193486,1
652,193982,1
653,194033,1
654,194041,1
655,194046,1
656,194178,1
657,194183,1
658,194553,1
659,194599,1
660,194690,1
661,194728,1
662,194773,1
663,195124,1
664,195133,1
665,195134,1
666,195346,1
667,195350,1
668,195374,1
669,195392,1
670,195437,1
671,195439,1
672,195445,1
673,195447,1
674,195450,1
675,195451,1
676,195453,1
677,195454,1
678,195460,1
679,195554,1
680,195671,1
681,195712,1
682,195732,1
683,195768,1
684,195846,1
685,196016,1
686,196312,1
687,196390,1
688,196445,1
689,196547,1
690,196592,1
691,196596,1
692,196701,1
693,197027,1
694,197159,1
695,197726,1
696,198217,1
697,198360,1
698,198517,1
699,198681,1
700,198741,1
701,199212,1
702,199265,1
703,199343,1
704,199407,1
705,199526,1
706,199695,1
707,199759,1
708,199951,1
709,200220,1
710,200298,1
711,200678,1
712,202837,1
713,203361,1
714,203368,1
715,203397,1
716,203635,1
717,203657,1
718,203668,1
719,203671,1
720,203679,1
721,203680,1
722,203681,1
723,203694,1
724,203737,1
725,203740,1
726,203795,1
727,204066,1
728,204443,1
729,204650,1
730,204651,1
731,204813,1
732,204899,1
733,204902,1
734,204906,1
735,204909,1
736,204913,1
737,204915,1
738,204918,1
739,204920,1
740,204923,1
741,204925,1
742,204926,1
743,204927,1
744,204928,1
745,204930,1
746,204933,1
747,204934,1
748,204935,1
749,204941,1
750,204943,1
751,204946,1
752,204949,1
753,205026,1
754,205327,1
755,205328,1
756,205423,1
757,205449,1
758,205483,1
759,205613,1
760,205614,1
761,205615,1
762,205740,1
763,205741,1
764,205742,1
765,205743,1
766,205745,1
767,205747,1
768,205749,1
769,205750,1
770,205756,1
771,205760,1
772,205761,1
773,205763,1
774,205764,1
775,205766,1
776,205767,1
777,205768,1
778,205769,1
779,205772,1
780,205773,1
781,205784,1
782,205785,1
783,205792,1
784,205795,1
785,205796,1
786,205797,1
787,205798,1
788,205799,1
789,205844,1
790,205845,1
791,205846,1
792,205847,1
793,205849,1
794,205854,1
795,205857,1
796,205858,1
797,205859,1
798,205860,1
799,205861,1
800,205862,1
801,205864,1
802,205922,1
803,205923,1
804,205926,1
805,205927,1
806,205928,1
807,205929,1
808,205930,1
809,205931,1
810,205932,1
811,205933,1
812,205935,1
813,205936,1
814,205937,1
815,205938,1
816,205939,1
817,205942,1
818,205943,1
819,205944,1
820,205945,1
821,205947,1
822,205949,1
823,205950,1
824,205951,1
825,205952,1
826,205978,1
827,205979,1
828,205981,1
829,205982,1
830,205983,1
831,205984,1
832,205985,1
833,205986,1
834,205987,1
835,205988,1
836,205989,1
837,205991,1
838,205992,1
839,205993,1
840,205994,1
841,205996,1
842,205998,1
843,206003,1
844,206004,1
845,206005,1
846,206008,1
847,206009,1
848,206012,1
849,206013,1
850,206050,1
851,206052,1
852,206070,1
853,206132,1
854,206134,1
855,206135,1
856,206136,1
857,206137,1
858,206138,1
859,206139,1
860,206140,1
861,206141,1
862,206142,1
863,206143,1
864,206145,1
865,206147,1
866,206148,1
867,206152,1
868,206153,1
869,206154,1
870,206156,1
871,206157,1
872,206158,1
873,206159,1
874,206160,1
875,206163,1
876,206167,1
877,206169,1
878,206170,1
879,206171,1
880,206172,1
881,206173,1
882,206176,1
883,206180,1
884,206190,1
885,206191,1
886,206195,1
887,206196,1
888,206199,1
889,206202,1
890,206205,1
891,206207,1
892,206208,1
893,206210,1
894,206211,1
895,206212,1
896,206213,1
897,206214,1
898,206217,1
899,206218,1
900,206219,1
901,206220,1
902,206222,1
903,206223,1
904,206293,1
905,206294,1
906,206295,1
907,206296,1
908,206299,1
909,206300,1
910,206301,1
911,206303,1
912,206304,1
913,206306,1
914,206307,1
915,206308,1
916,206309,1
917,206311,1
918,206312,1
919,206313,1
920,206314,1
921,206315,1
922,206317,1
923,206318,1
924,206319,1
925,206321,1
926,206322,1
927,206323,1
928,206324,1
929,206325,1
930,206326,1
931,206328,1
932,206329,1
933,206330,1
934,206331,1
935,206332,1
936,206333,1
937,206334,1
938,206377,1
939,206378,1
940,206380,1
941,206381,1
942,206382,1
943,206383,1
944,206384,1
945,206394,1
946,206395,1
947,206396,1
948,206397,1
949,206398,1
950,206399,1
951,206400,1
952,206402,1
953,206403,1
954,206419,1
955,206420,1
956,206423,1
957,206425,1
958,206428,1
959,206429,1
960,206430,1
961,206431,1
962,206432,1
963,206434,1
964,206435,1
965,206436,1
966,206437,1
967,206438,1
968,206439,1
969,206448,1
970,206449,1
971,206451,1
972,206452,1
973,206453,1
974,206454,1
975,206455,1
976,206456,1
977,206458,1
978,206459,1
979,206460,1
980,206462,1
981,206464,1
982,206465,1
983,206466,1
984,206467,1
985,206690,1
986,206849,1
987,206850,1
988,206851,1
989,206852,1
990,206853,1
991,206854,1
992,206855,1
993,206856,1
994,206858,1
995,206859,1
996,206860,1
997,206889,1
998,206890,1
999,206892,1
1000,206893,1
1001,206895,1
1002,206896,1
1003,206897,1
1004,206898,1
1005,206900,1
1006,206901,1
1007,206902,1
1008,206903,1
1009,206905,1
1010,206906,1
1011,206908,1
1012,206910,1
1013,206911,1
1014,206942,1
1015,206943,1
1016,206944,1
1017,206945,1
1018,206946,1
1019,206947,1
1020,206948,1
1021,206949,1
1022,206950,1
1023,206951,1
1024,206952,1
1025,206953,1
1026,206956,1
1027,206957,1
1028,206958,1
1029,206959,1
1030,206960,1
1031,206961,1
1032,206962,1
1033,207056,1
1034,207057,1
1035,207058,1
1036,207059,1
1037,207060,1
1038,207061,1
1039,207062,1
1040,207063,1
1041,207064,1
1042,207065,1
1043,207164,1
1044,207165,1
1045,207166,1
1046,207167,1
1047,207169,1
1048,207170,1
1049,207172,1
1050,207174,1
1051,207175,1
1052,207177,1
1053,207179,1
1054,207181,1
1055,207288,1
1056,207289,1
1057,207309,1
1058,207310,1
1059,207311,1
1060,207312,1
1061,207314,1
1062,207315,1
1063,207316,1
1064,207317,1
1065,207355,1
1066,207467,1
1067,207910,1
1068,207911,1
1069,208266,1
1070,208267,1
1071,208268,1
1072,208271,1
1073,208273,1
1074,208275,1
1075,208276,1
1076,208277,1
1077,208279,1
1078,208280,1
1079,208328,1
1080,208330,1
1081,208331,1
1082,208332,1
1083,208333,1
1084,208334,1
1085,208335,1
1086,208336,1
1087,208337,1
1088,208338,1
1089,208339,1
1090,208340,1
1091,208341,1
1092,208343,1
1093,208346,1
1094,208348,1
1095,208390,1
1096,208391,1
1097,208392,1
1098,208393,1
1099,208394,1
1100,208396,1
1101,208397,1
1102,208398,1
1103,208474,1
1104,208475,1
1105,208476,1
1106,208477,1
1107,208478,1
1108,208484,1
1109,208930,1
1110,208931,1
1111,208932,1
1112,208933,1
1113,208934,1
1114,208935,1
1115,208936,1
1116,208937,1
1117,209445,1
1118,209628,1
1119,209671,1
1120,209836,1
1121,209837,1
1122,209838,1
1123,209839,1
1124,209868,1
1125,209909,1
1126,210060,1
1127,210140,1
1128,210265,1
1129,210267,1
1130,210332,1
1131,210493,1
1132,211939,1
1133,211957,1
1134,212179,1
1135,212605,1
1136,212969,1
1137,212971,1
1138,212975,1
1139,212976,1
1140,212977,1
1141,212978,1
1142,214669,1
1143,214670,1
1144,214671,1
1145,214679,1
1146,216983,1
1147,217008,1
1148,217330,1
1149,217344,1
1150,217350,1
1151,218987,1
1152,220728,1
1153,222130,1
1154,222961,1
1155,224829,1
1156,225030,1
1157,226338,1
1158,226441,1
1159,226455,1
1160,226456,1
1161,226488,1
1162,226501,1
1163,226944,1
1164,227886,1
1165,227904,1
1166,227973,1
1167,227974,1
1168,227976,1
1169,227979,1
1170,227991,1
1171,228007,1
1172,228008,1
1173,228015,1
1174,228019,1
1175,228020,1
1176,228021,1
1177,228022,1
1178,228029,1
1179,228031,1
1180,228045,1
1181,228046,1
1182,228053,1
1183,228066,1
1184,228067,1
1185,228088,1
1186,228106,1
1187,228123,1
1188,228124,1
1189,228126,1
1190,228128,1
1191,228131,1
1192,228164,1
1193,228169,1
1194,228182,1
1195,228184,1
1196,228186,1
1197,228187,1
1198,228188,1
1199,228191,1
1200,228192,1
1201,228193,1
1202,228195,1
1203,228202,1
1204,228206,1
1205,228255,1
1206,228257,1
1207,228258,1
1208,228259,1
1209,228261,1
1210,228263,1
1211,228264,1
1212,228282,1
1213,228308,1
1214,228326,1
1215,228328,1
1216,228329,1
1217,228351,1
1218,228356,1
1219,228361,1
1220,228363,1
1221,228364,1
1222,228365,1
1223,228368,1
1224,229581,1
1225,229882,1
1226,230046,1
1227,230048,1
1228,230442,1
1229,230718,1
1230,231161,1
1231,231326,1
1232,231677,1
1233,231947,1
1234,232161,1
1235,232236,1
1236,232876,1
1237,232935,1
1238,232939,1
1239,232947,1
1240,232948,1
1241,233025,1
1242,233107,1
1243,233347,1
1244,233725,1
1245,234066,1
1246,234067,1
1247,234528,1
1248,234529,1
1249,235751,1
1250,236806,1
1251,237746,1
1252,237747,1
1253,237940,1
1254,238301,1
1255,239423,1
1256,239474,1
1257,239475,1
1258,240070,1
1259,241607,1
1260,241797,1
1261,242440,1
1262,242867,1
1263,243349,1
1264,243607,1
1265,243676,1
1266,243680,1
1267,243681,1
1268,243684,1
1269,244258,1
1270,244581,1
1271,244583,1
1272,244584,1
1273,244626,1
1274,244917,1
1275,244919,1
1276,246047,1
1277,247015,1
1278,247872,1
1279,248178,1
1280,248675,1
1281,248677,1
1282,248824,1
1283,248876,1
1284,248877,1
1285,248892,1
1286,250732,1
1287,250844,1
1288,250907,1
1289,250908,1
1290,251086,1
1291,251681,1
1292,251683,1
1293,252247,1
1294,252865,1
1295,254752,1
1296,254843,1
1297,254956,1
1298,254957,1
1299,255031,1
1300,256822,1
1301,256957,1
1302,257036,1
1303,257043,1
1304,257044,1
1305,257046,1
1306,258149,1
1307,258979,1
1308,259043,1
1309,259234,1
1310,259639,1
1311,260009,1
1312,260898,1
1313,262768,1
1314,263387,1
1315,263633,1
1316,265550,1
1317,265644,1
1318,265657,1
1319,266410,1
1320,266579,1
1321,270268,1
1322,270647,1
1323,270836,1
1324,272287,1
1325,272577,1
1326,272685,1
1327,273386,1
1328,274837,1
1329,274995,1
1330,275332,1
1331,276086,1
1332,279364,1
1333,280334,1
1334,284245,1
1335,285574,1
1336,289643,1
1337,290390,1
1338,290467,1
1339,292624,1
1340,292660,1
1341,295016,1
1342,295017,1
1343,295917,1
1344,296327,1
1345,297726,1
1346,298078,1
1347,301111,1
1348,301415,1
1349,302291,1
1350,302499,1
1351,302593,1
1352,302747,1
1353,308054,1
1354,308438,1
1355,308609,1
1356,310457,1
1357,332884,1
1358,333667,1
1359,339708,1
1360,341109,1
1361,344977,1
1362,359845,1
1363,405074,1
1364,412590,1
1365,413049,1
1366,413086,1
1367,413873,1
1368,417880,1
1369,418454,1
1370,423314,1
1371,424161,1
1372,424355,1
1373,424703,1
1374,425517,1
1375,426034,1
1376,426693,1
1377,427366,1
1378,432887,1
1379,433058,1
1380,433522,1
1381,435447,1
1382,437536,1
1383,440458,1
1384,441900,1
1385,442201,1
1386,442215,1
1387,442509,1
1388,442519,1
1389,443145,1
1390,444000,1
1391,444013,1
1392,444419,1
1393,445529,1
1394,446146,1
1395,446485,1
1396,446710,1
1397,446953,1
1398,448213,1
1399,454720,1
1400,455407,1
1401,455829,1
