mineral_model_id,mineral
0,Acanthite
1,Actinolite
2,Adamite
3,Aegirine
4,Aegirine-augite
5,Agardite-(Nd)
6,Agardite-(Y)
7,Aguilarite
8,Aikinite
9,Akaganeite
10,Alabandite
11,Albite
12,Aleksite
13,Algodonite
14,Allanite-(Ce)
15,Allanite-(Y)
16,Allargentum
17,Alleghanyite
18,Alloclasite
19,Allophane
20,Almandine
21,Alpersite
22,Altaite
23,Alum-(K)
24,Alum-(Na)
25,Aluminite
26,Aluminocopiapite
27,Aluminocoquimbite
28,Alunite
29,Alunogen
30,Amarantite
31,Amesite
32,Analcime
33,Anapaite
34,Anatase
35,Andalusite
36,Andersonite
37,Andradite
38,Anglesite
39,Anhydrite
40,Anilite
41,Ankerite
42,Annabergite
43,Annite
44,Anorthite
45,Anthonyite
46,Anthophyllite
47,Antigorite
48,Antimony
49,Antlerite
50,Apachite
51,Apjohnite
52,Aplowite
53,Aragonite
54,Aramayoite
55,Arcubisite
56,Arfvedsonite
57,Argentojarosite
58,Argentopentlandite
59,Argentopyrite
60,Argentotennantite-(Zn)
61,Argyrodite
62,Armenite
63,Arsendescloizite
64,Arsenic
65,Arseniosiderite
66,Arsenohauchecornite
67,Arsenolite
68,Arsenopalladinite
69,Arsenopyrite
70,Arsenoveszelyite
71,Arthurite
72,Asbolane
73,Aschamalmite
74,Astrocyanite-(Ce)
75,Atacamite
76,Athabascaite
77,Atheneite
78,Atokite
79,Aubertite
80,Augelite
81,Augite
82,Aurichalcite
83,Auricupride
84,Aurorite
85,Aurostibite
86,Austinite
87,Autunite
88,Awaruite
89,Axinite-(Fe)
90,Axinite-(Mn)
91,Azoproite
92,Azurite
93,Babanekite
94,Babingtonite
95,Baddeleyite
96,Baileychlore
97,Bandylite
98,Bariopharmacosiderite
99,Barlowite
100,Barroisite
101,Bartonite
102,Baryte
103,Barytocalcite
104,Bassanite
105,Bastnasite-(Ce)
106,Bastnasite-(La)
107,Bayldonite
108,Bayleyite
109,Beaverite-(Cu)
110,Becquerelite
111,Beidellite
112,Bellidoite
113,Bellingerite
114,Belloite
115,Belogubite
116,Bementite
117,Bendadaite
118,Benjaminite
119,Benleonardite
120,Beraunite
121,Berdesinskiite
122,Berlinite
123,Bernalite
124,Berryite
125,Berthierine
126,Berthierite
127,Beryl
128,Berzelianite
129,Betekhtinite
130,Betpakdalite-NaNa
131,Beudantite
132,Bianchite
133,Bieberite
134,Bilibinskite
135,Billietite
136,Birnessite
137,Bischofite
138,Bismite
139,Bismoclite
140,Bismuth
141,Bismuthinite
142,Bismutite
143,Bismutohauchecornite
144,Bixbyite-(Mn)
145,Blodite
146,Bogdanovite
147,Bohdanowiczite
148,Bonattite
149,Boothite
150,Boracite
151,Bornite
152,Borovskite
153,Borzeckiite
154,Botallackite
155,Botryogen
156,Boulangerite
157,Bournonite
158,Bowlesite
159,Boyleite
160,Braggite
161,Brandtite
162,Brannerite
163,Braunite
164,Breithauptite
165,Britholite-(Ce)
166,Brochantite
167,Brookite
168,Brownmillerite
169,Brucite
170,Buckhornite
171,Butlerite
172,Buttgenbachite
173,Byrudite
174,Cabriite
175,Cacoxenite
176,Cadmoselite
177,Calaverite
178,Calcite
179,Caledonite
180,Callaghanite
181,Calumetite
182,Cancrinite
183,Canfieldite
184,Carbonatecyanotrichite
185,Carlfriesite
186,Carnallite
187,Carnotite
188,Carrollite
189,Caryopilite
190,Cassiterite
191,Cattierite
192,Celadonite
193,Celestine
194,Celsian
195,Cerianite-(Ce)
196,Ceruleite
197,Cerussite
198,Cervelleite
199,Cesarolite
200,Chabazite-Ca
201,Chalcanthite
202,Chalcoalumite
203,Chalcocite
204,Chalcocyanite
205,Chalcomenite
206,Chalconatronite
207,Chalcophanite
208,Chalcophyllite
209,Chalcopyrite
210,Chalcosiderite
211,Chalcostibite
212,Chamosite
213,Chenevixite
214,Chenite
215,Cheralite
216,Chernovite-(Y)
217,Chesterite
218,Chevkinite-(Ce)
219,Chlorapatite
220,Chlorargyrite
221,Chloritoid
222,Chloroxiphite
223,Chondrodite
224,Chromferide
225,Chromite
226,Chromium
227,Chrysocolla
228,Chrysotile
229,Cinnabar
230,Claraite
231,Claringbullite
232,Claudetite
233,Clausthalite
234,Clino-ferro-suenoite
235,Clino-suenoite
236,Clinoatacamite
237,Clinochlore
238,Clinoclase
239,Clinoenstatite
240,Clinoferrosilite
241,Clinohedrite
242,Clinohumite
243,Clinoptilolite-K
244,Clinosafflorite
245,Clinoungemachite
246,Clinozoisite
247,Clintonite
248,Cloncurryite
249,Cobaltarthurite
250,Cobaltite
251,Cobaltomenite
252,Cobaltpentlandite
253,Coffinite
254,Cohenite
255,Coloradoite
256,Colusite
257,Conichalcite
258,Connellite
259,Cookeite
260,Cooperite
261,Copiapite
262,Copper
263,Coquimbite
264,Cordierite
265,Corkite
266,Cornetite
267,Cornwallite
268,Coronadite
269,Corrensite
270,Corundum
271,Cosalite
272,Costibite
273,Cotunnite
274,Coulsonite
275,Covellite
276,Crandallite
277,Creedite
278,Crichtonite
279,Cristobalite
280,Crocoite
281,Cronstedtite
282,Cryptomelane
283,Cubanite
284,Cummingtonite
285,Cuprite
286,Cuproauride
287,Cuprocopiapite
288,Cuprodongchuanite
289,Cupropolybasite
290,Cuprosklodowskite
291,Cuprospinel
292,Cuprozheshengite
293,Curite
294,Cyanotrichite
295,Cymrite
296,Cyrilovite
297,Danbaite
298,Daomanite
299,Darapskite
300,Datolite
301,Davidite-(Ce)
302,Davidite-(La)
303,Deerite
304,Delafossite
305,Demesmaekerite
306,Derriksite
307,Descloizite
308,Devilline
309,Dewitite
310,Diadochite
311,Diaphorite
312,Diaspore
313,Dickite
314,Dienerite
315,Dietrichite
316,Digenite
317,Diopside
318,Dioptase
319,Djerfisherite
320,Djurleite
321,Dokuchaevite
322,Dolerophanite
323,Dolomite
324,Domeykite
325,Donbassite
326,Dongchuanite
327,Doyleite
328,Dravite
329,Dufrenite
330,Duftite
331,Dumontite
332,Dumortierite
333,Dundasite
334,Dypingite
335,Dyscrasite
336,Dzhalindite
337,Dzharkenite
338,Edenite
339,Edingtonite
340,Emplectite
341,Empressite
342,Enargite
343,Enstatite
344,Epidote
345,Epsomite
346,Eriochalcite
347,Erlichmanite
348,Erythrite
349,Eskolaite
350,Eucairite
351,Euchroite
352,Eugsterite
353,Euxenite-(Y)
354,Falkmanite
355,Famatinite
356,Faustite
357,Fayalite
358,Ferberite
359,Ferri-ghoseite
360,Ferricopiapite
361,Ferrihydrite
362,Ferrimolybdite
363,Ferrinatrite
364,Ferrisepiolite
365,Ferristrunzite
366,Ferrisymplesite
367,Ferro-actinolite
368,Ferro-edenite
369,Ferro-gedrite
370,Ferro-hornblende
371,Ferro-pargasite
372,Ferro-tschermakite
373,Ferrohexahydrite
374,Ferronigerite-2N1S
375,Ferrosilite
376,Ferroskutterudite
377,Ferrotochilinite
378,Ferrovalleriite
379,Feruvite
380,Fibroferrite
381,Fischesserite
382,Fletcherite
383,Florencite-(Ce)
384,Florencite-(La)
385,Fluellite
386,Fluocerite-(Ce)
387,Fluorapatite
388,Fluorapophyllite-(K)
389,Fluorellestadite
390,Fluorite
391,Fluorwavellite
392,Fornacite
393,Forsterite
394,Foshagite
395,Fougerite
396,Fourmarierite
397,Fraipontite
398,Francevillite
399,Francoisite-(Nd)
400,Frankdicksonite
401,Freieslebenite
402,Friedrichite
403,Frohbergite
404,Froodite
405,Fukuchilite
406,Fuloppite
407,Furutobeite
408,Gahnite
409,Galena
410,Galenobismutite
411,Gaspeite
412,Gearksutite
413,Gedrite
414,Geerite
415,Geffroyite
416,Gehlenite
417,Genplesite
418,Geocronite
419,Gerhardtite
420,Germanite
421,Germanocolusite
422,Gersdorffite
423,Geversite
424,Gibbsite
425,Giessenite
426,Gilalite
427,Gittinsite
428,Gladite
429,Glaucodot
430,Glaucophane
431,Glaukosphaerite
432,Godlevskite
433,Goethite
434,Gold
435,Goldfieldite
436,Gorceixite
437,Goslarite
438,Goudeyite
439,Graphite
440,Gratonite
441,Greenalite
442,Greenockite
443,Greigite
444,Grimmite
445,Grossular
446,Grunerite
447,Guanajuatite
448,Gudmundite
449,Guildite
450,Guilleminite
451,Gunningite
452,Gustavite
453,Gypsum
454,Gyrolite
455,Gysinite-(Nd)
456,Haidingerite
457,Halite
458,Halloysite
459,Halotrichite
460,Hammarite
461,Harmotome
462,Hastingsite
463,Hauchecornite
464,Hausmannite
465,Hawleyite
466,Haycockite
467,Heazlewoodite
468,Hectorite
469,Hedenbergite
470,Hedleyite
471,Hellandite-(Y)
472,Hematite
473,Hemimorphite
474,Hemusite
475,Hentschelite
476,Herbertsmithite
477,Hercynite
478,Hessite
479,Hetaerolite
480,Heterogenite
481,Heulandite-Ca
482,Heulandite-Sr
483,Hexahydrite
484,Heyrovskyite
485,Hibbingite
486,Hidalgoite
487,Hinsdalite
488,Hisingerite
489,Hitachiite
490,Hodrusite
491,Hohmannite
492,Hollandite
493,Hollingworthite
494,Hongshiite
495,Hopeite
496,Hornesite
497,Hubnerite
498,Huenite
499,Hulsite
500,Humite
501,Huntite
502,Hydrobiotite
503,Hydrocerussite
504,Hydrohalloysite
505,Hydrohonessite
506,Hydromagnesite
507,Hydroniumjarosite
508,Hydrotalcite
509,Hydroxyapophyllite-(K)
510,Hydroxylapatite
511,Hydroxylellestadite
512,Hydroxyplumbopyrochlore
513,Hydrozincite
514,Idaite
515,Ilmenite
516,Ilsemannite
517,Ilvaite
518,Indium
519,Insizwaite
520,Iodargyrite
521,Iowaite
522,Irarsite
523,Iridium
524,Iron
525,Isocubanite
526,Isoferroplatinum
527,Isomertieite
528,Izoklakeite
529,Jacobsite
530,Jagueite
531,Jaipurite
532,Jalpaite
533,Jamesonite
534,Jarosite
535,Jaskolskiite
536,Jervisite
537,Jimthompsonite
538,Johannite
539,Jordanite
540,Joseite-B
541,Junitoite
542,Junoite
543,Juxingite
544,Kaersutite
545,Kalinite
546,Kambaldaite
547,Kamotoite-(Y)
548,Kaolinite
549,Karelianite
550,Karibibite
551,Kasolite
552,Katophorite
553,Kawazulite
554,Kemmlitzite
555,Kempite
556,Kerimasite
557,Kesterite
558,Kharaelakhite
559,Kiddcreekite
560,Kieserite
561,Kinoite
562,Kinoshitalite
563,Kintoreite
564,Kipushite
565,Klockmannite
566,Kobellite
567,Kochkarite
568,Koechlinite
569,Kolarite
570,Kolbeckite
571,Kolwezite
572,Konyaite
573,Kornelite
574,Kotoite
575,Kottigite
576,Kotulskite
577,Koutekite
578,Krausite
579,Krautite
580,Kravtsovite
581,Krennerite
582,Kribergite
583,Krohnkite
584,Krupkaite
585,Ktenasite
586,Kuramite
587,Kurilite
588,Kushiroite
589,Kutnohorite
590,Kyanite
591,Kyzylkumite
592,Laitakarite
593,Langite
594,Larsenite
595,Laumontite
596,Laurionite
597,Laurite
598,Lausenite
599,Lautite
600,Lavendulan
601,Lawrencite
602,Lazulite
603,Lead
604,Leadamalgam
605,Lecontite
606,Leightonite
607,Leonite
608,Lepidocrocite
609,Leucophosphite
610,Leucosphenite
611,Libethenite
612,Likasite
613,Lillianite
614,Linarite
615,Lindgrenite
616,Lindsleyite
617,Lindstromite
618,Linnaeite
619,Liroconite
620,Lishizhenite
621,Lithiophorite
622,Lizardite
623,Lollingite
624,Ludjibaite
625,Ludlamite
626,Ludlockite
627,Ludwigite
628,Luzonite
629,Mackayite
630,Mackinawite
631,Madocite
632,Maghemite
633,Magnesio-arfvedsonite
634,Magnesio-ferri-hornblende
635,Magnesio-foitite
636,Magnesio-hastingsite
637,Magnesio-hornblende
638,Magnesio-riebeckite
639,Magnesiochromite
640,Magnesiocopiapite
641,Magnesite
642,Magnetite
643,Majakite
644,Malachite
645,Maldonite
646,Mallardite
647,Malyshevite
648,Mandarinoite
649,Manganite
650,Manganohornesite
651,Manganosite
652,Mannardite
653,Marcasite
654,Margarite
655,Marialite
656,Markascherite
657,Markcooperite
658,Marshite
659,Marthozite
660,Maslovite
661,Massicot
662,Masuyite
663,Matildite
664,Mattagamite
665,Maucherite
666,Mawsonite
667,Mckinstryite
668,Meifuite
669,Meionite
670,Melanterite
671,Melonite
672,Mendozavilite-KCa
673,Mendozavilite-NaCu
674,Mendozavilite-NaFe
675,Mendozite
676,Meneghinite
677,Menshikovite
678,Mercury
679,Merenskyite
680,Mertieite
681,Mesolite
682,Meta-alunogen
683,Meta-autunite
684,Metacinnabar
685,Metahohmannite
686,Metasaleeite
687,Metasideronatrite
688,Metastudtite
689,Metatorbernite
690,Metatyuyamunite
691,Metavivianite
692,Metavoltine
693,Metazeunerite
694,Meurigite-K
695,Miargyrite
696,Michenerite
697,Microcline
698,Miersite
699,Miguelromeroite
700,Miharaite
701,Millerite
702,Millosevichite
703,Mimetite
704,Minium
705,Minnesotaite
706,Minyulite
707,Mirabilite
708,Misakiite
709,Mitscherlichite
710,Mixite
711,Modderite
712,Molybdenite
713,Molybdite
714,Monazite-(Ce)
715,Monazite-(Nd)
716,Moncheite
717,Monohydrocalcite
718,Montbrayite
719,Monticellite
720,Montmorillonite
721,Montroseite
722,Mooihoekite
723,Moolooite
724,Moorhouseite
725,Mordenite
726,Morenosite
727,Mottramite
728,Mountkeithite
729,Mrazekite
730,Murdochite
731,Muscovite
732,Muskoxite
733,Muthmannite
734,Nagyagite
735,Naldrettite
736,Namuwite
737,Nantokite
738,Natroalunite
739,Natrochalcite
740,Natrodufrenite
741,Natrojarosite
742,Natrolite
743,Natropharmacosiderite
744,Natrozippeite
745,Naumannite
746,Nekrasovite
747,Neotocite
748,Nepheline
749,Nepouite
750,Nesquehonite
751,Neyite
752,Nickel
753,Nickelblodite
754,Nickelboussingaultite
755,Nickelhexahydrite
756,Nickeline
757,Nickelzippeite
758,Nielsenite
759,Niggliite
760,Nimite
761,Nisbite
762,Niter
763,Nitratine
764,Nitrocalcite
765,Nitromagnesite
766,Nolanite
767,Nontronite
768,Norilskite
769,Northupite
770,Novakite
771,Nowackiite
772,Nsutite
773,Nuffieldite
774,Nukundamite
775,Obradovicite-KCu
776,Obradovicite-NaCu
777,Obradovicite-NaNa
778,Okenite
779,Olivenite
780,Omeiite
781,Oosterboschite
782,Opal
783,Orcelite
784,Oregonite
785,Orpiment
786,Orthoclase
787,Orthoserpierite
788,Osarizawaite
789,Osmium
790,Ottrelite
791,Ourayite
792,Oursinite
793,Owensite
794,Oxy-dravite
795,Paderaite
796,Padmaite
797,Palarstanide
798,Palladinite
799,Palladium
800,Palladoarsenide
801,Palladogermanide
802,Palladseite
803,Palygorskite
804,Paolovite
805,Parabutlerite
806,Paracoquimbite
807,Paragonite
808,Paraguanajuatite
809,Paramelaconite
810,Paramendozavilite
811,Pararammelsbergite
812,Parasymplesite
813,Paratacamite
814,Pargasite
815,Parisite-(Ce)
816,Parkerite
817,Parnauite
818,Pasavaite
819,Pavonite
820,Pearceite
821,Pecoraite
822,Pectolite
823,Pekoite
824,Pendevilleite-(Y)
825,Penfieldite
826,Pennantite
827,Pentahydrite
828,Pentlandite
829,Periclase
830,Perite
831,Perovskite
832,Perroudite
833,Petersite-(Y)
834,Petrovskaite
835,Petzite
836,Pharmacosiderite
837,Phlogopite
838,Phosgenite
839,Phosphohedyphane
840,Phosphophyllite
841,Phosphosiderite
842,Phosphuranylite
843,Phurcalite
844,Pickeringite
845,Picromerite
846,Picropharmacolite
847,Piemontite
848,Pilsenite
849,Piretite
850,Plagionite
851,Plancheite
852,Planerite
853,Platinum
854,Plattnerite
855,Plumbogummite
856,Plumbojarosite
857,Plumbopalladinite
858,Plumbotellurite
859,Poitevinite
860,Polarite
861,Polybasite
862,Polydymite
863,Posnjakite
864,Potarite
865,Potassic-chloro-hastingsite
866,Potassic-magnesio-arfvedsonite
867,Potassic-magnesio-hastingsite
868,Potassic-pargasite
869,Poughite
870,Povondraite
871,Powellite
872,Prehnite
873,Prosopite
874,Proudite
875,Proustite
876,Pseudoboleite
877,Pseudobrookite
878,Pseudojohannite
879,Pseudomalachite
880,Pseudomertieite
881,Putoranite
882,Pyrargyrite
883,Pyrite
884,Pyroaurite
885,Pyrolusite
886,Pyromorphite
887,Pyrope
888,Pyrophanite
889,Pyrophyllite
890,Pyrosmalite-(Fe)
891,Pyrosmalite-(Mn)
892,Pyrostilpnite
893,Pyroxmangite
894,Pyrrhotite
895,Quartz
896,Quenstedtite
897,Qusongite
898,Radhakrishnaite
899,Rammelsbergite
900,Ramsbeckite
901,Ransomite
902,Realgar
903,Rectorite
904,Reevesite
905,Reichenbachite
906,Renierite
907,Retgersite
908,Rhabdophane-(Ce)
909,Rheniite
910,Rhodium
911,Rhodochrosite
912,Rhodonite
913,Rhodostannite
914,Rhomboclase
915,Richetite
916,Rickardite
917,Riebeckite
918,Romanechite
919,Romerite
920,Roquesite
921,Rosasite
922,Roscherite
923,Roscoelite
924,Roselite
925,Rouaite
926,Roubaultite
927,Roxbyite
928,Rozenite
929,Ruarsite
930,Rucklidgeite
931,Ruizite
932,Rustenburgite
933,Ruthenium
934,Rutherfordine
935,Rutile
936,Sadanagaite
937,Safflorite
938,Sakuraiite
939,Saleeite
940,Salesite
941,Sampleite
942,Sanidine
943,Saponite
944,Sauconite
945,Scawtite
946,Scheelite
947,Schneiderhohnite
948,Schoepite
949,Schorl
950,Schreyerite
951,Schrockingerite
952,Schuilingite-(Nd)
953,Schulenbergite
954,Schultenite
955,Schwertmannite
956,Scolecite
957,Scorodite
958,Seelite
959,Segnitite
960,Selenium
961,Seligmannite
962,Sellaite
963,Semseyite
964,Senaite
965,Sengierite
966,Sepiolite
967,Serandite
968,Serpierite
969,Shabaite-(Nd)
970,Shadlunite
971,Shandite
972,Shattuckite
973,Shcherbinaite
974,Siderite
975,Sideronatrite
976,Siderotil
977,Siegenite
978,Sieleckiite
979,Sillimanite
980,Silver
981,Sinnerite
982,Skinnerite
983,Skippenite
984,Sklodowskite
985,Skutterudite
986,Sluzhenikinite
987,Smithsonite
988,Smythite
989,Sobolevskite
990,Sodalite
991,Soddyite
992,Sopcheite
993,Sorosite
994,Soucekite
995,Spangolite
996,Sperrylite
997,Spertiniite
998,Spessartine
999,Sphalerite
1000,Spherocobaltite
1001,Spinel
1002,Spionkopite
1003,Spodumene
1004,Spurrite
1005,Stannite
1006,Stannoidite
1007,Stannopalladinite
1008,Starkeyite
1009,Staurolite
1010,Stellerite
1011,Stephanite
1012,Sternbergite
1013,Stevensite
1014,Stibiopalladinite
1015,Stibnite
1016,Stichtite
1017,Stilbite-Ca
1018,Stilbite-Na
1019,Stillwaterite
1020,Stilpnomelane
1021,Strengite
1022,Stringhamite
1023,Stromeyerite
1024,Strontianite
1025,Studtite
1026,Stumpflite
1027,Stutzite
1028,Suanite
1029,Sudburyite
1030,Sudoite
1031,Sugakiite
1032,Sulphotsumoite
1033,Sulphur
1034,Sulvanite
1035,Susannite
1036,Svanbergite
1037,Swartzite
1038,Sylvanite
1039,Sylvite
1040,Symplesite
1041,Synchysite-(Ce)
1042,Synchysite-(Y)
1043,Szaibelyite
1044,Szenicsite
1045,Szomolnokite
1046,Tachyhydrite
1047,Taimyrite
1048,Takovite
1049,Talc
1050,Talmessite
1051,Talnakhite
1052,Tamarugite
1053,Tangdanite
1054,Tangeite
1055,Tantite
1056,Taramite
1057,Tarkianite
1058,Tatyanaite
1059,Telargpalite
1060,Tellurantimony
1061,Tellurium
1062,Tellurobismuthite
1063,Tellurohauchecornite
1064,Telluropalladinite
1065,Temagamite
1066,Tennantite-(Fe)
1067,Tennantite-(Zn)
1068,Tenorite
1069,Tephroite
1070,Testibiopalladite
1071,Tetra-auricupride
1072,Tetradymite
1073,Tetraferroplatinum
1074,Tetrahedrite-(Zn)
1075,Thalcusite
1076,Thalfenisite
1077,Thalhammerite
1078,Thaumasite
1079,Theisite
1080,Thenardite
1081,Thomsonite-Ca
1082,Thorianite
1083,Thorite
1084,Thortveitite
1085,Tiemannite
1086,Tin
1087,Tintinaite
1088,Titanite
1089,Tivanite
1090,Tobermorite
1091,Tochilinite
1092,Todorokite
1093,Topaz
1094,Torbernite
1095,Tornebohmite-(Ce)
1096,Tornroosite
1097,Tosudite
1098,Treasurite
1099,Tremolite
1100,Triplite
1101,Tripuhyite
1102,Tritomite-(Y)
1103,Trogtalite
1104,Troilite
1105,Tschermakite
1106,Tsumebite
1107,Tsumoite
1108,Tucekite
1109,Tugarinovite
1110,Tulameenite
1111,Tungstenite
1112,Turanite
1113,Turquoise
1114,Tyrolite
1115,Tyrrellite
1116,Tyuyamunite
1117,Ulexite
1118,Ullmannite
1119,Ulvospinel
1120,Umangite
1121,Ungemachite
1122,Uraninite
1123,Uranophane
1124,Uranosphaerite
1125,Urvantsevite
1126,Uvarovite
1127,Uvite
1128,Uytenbogaardtite
1129,Vaesite
1130,Valleriite
1131,Vanadinite
1132,Vandenbrandeite
1133,Vandendriesscheite
1134,Variscite
1135,Vaterite
1136,Vauquelinite
1137,Vavrinite
1138,Veenite
1139,Verbeekite
1140,Vermiculite
1141,Vesignieite
1142,Vesuvianite
1143,Veszelyite
1144,Vikingite
1145,Villamaninite
1146,Villyaellenite
1147,Vincentite
1148,Vinciennite
1149,Violarite
1150,Vivianite
1151,Volborthite
1152,Voltaite
1153,Volynskite
1154,Vulcanite
1155,Vuorelainenite
1156,Vyalsovite
1157,Vymazalovaite
1158,Vysotskite
1159,Wairakite
1160,Warwickite
1161,Watanabeite
1162,Wavellite
1163,Weibullite
1164,Weissite
1165,Wendwilsonite
1166,Westerveldite
1167,Whelanite
1168,Whewellite
1169,Willemite
1170,Witherite
1171,Wittichenite
1172,Wollastonite
1173,Woodallite
1174,Woodhouseite
1175,Woodwardite
1176,Wulfenite
1177,Wupatkiite
1178,Wurtzite
1179,Xanthoconite
1180,Xenotime-(Y)
1181,Xilingolite
1182,Xonotlite
1183,Yakhontovite
1184,Yarrowite
1185,Yavapaiite
1186,Yttrialite-(Y)
1187,Zalesiite
1188,Zeunerite
1189,Zheshengite
1190,Zhonghongite
1191,Zinc
1192,Zincmelanterite
1193,Zincobotryogen
1194,Zincolivenite
1195,Zincrosasite
1196,Zinczippeite
1197,Zinkenite
1198,Zippeite
1199,Zircon
1200,Zirconolite
1201,Zoisite
1202,Zoubekite
1203,Zunyite
1204,Zvyagintsevite
